Code,Date,Heure,Équipe 1,Équipe 2,Catégorie,Autre
417205,2026-01-18,11:00,REBOND NEUVILLE,R HT-PRE OUGREE B,DD - DIVISION 3 B,
417217,2026-01-24,20:00,ORP JAUCHE,REBOND NEUVILLE,DD - DIVISION 3 B,
417225,2026-02-01,11:00,REBOND NEUVILLE,ALL. FLEMALLE B,DD - DIVISION 3 B,
417242,2026-02-15,11:00,REBOND NEUVILLE,UN HUY BASKET C,DD - DIVISION 3 B,
417275,2026-03-08,11:00,REBOND NEUVILLE,ROYAL BASKET OTHEE,DD - DIVISION 3 B,
417194,2026-03-12,19:00,GIANTS BRAIVES,REBOND NEUVILLE,DD - DIVISION 3 B,
417293,2026-03-21,19:00,RBC AWANS,REBOND NEUVILLE,DD - DIVISION 3 B,
417315,2026-04-01,19:00,REBOND NEUVILLE,BC VERLAINE B,DD - DIVISION 3 B,
