Code,Date,Heure,Équipe 1,Équipe 2,Catégorie,Autre
405243,2026-02-12,21:00,BC OLNE,BC BELLEFLAMME D,MM - DIVISION 3 B,
405262,2026-03-01,11:00,BC SPRIMONT D,BC OLNE,MM - DIVISION 3 B,
405273,2026-03-05,21:00,BC OLNE,LA VILLERSOISE B,MM - DIVISION 3 B,
405197,2026-03-11,20:00,BCM HERSTAL A,BC OLNE,MM - DIVISION 3 B,
405293,2026-03-21,18:00,BC OLNE,R 4A AYWAILLE-HAMOIR A,MM - DIVISION 3 B,
405303,2026-03-29,13:00,VAIL. JUPILLE B,BC OLNE,MM - DIVISION 3 B,
405313,2026-04-04,18:00,BC OLNE,RBC HANEFFE B,MM - DIVISION 3 B,
405325,2026-04-12,13:00,CRISTAL SGH C,BC OLNE,MM - DIVISION 3 B,
405333,2026-04-18,21:00,BC OLNE,ROYAL BC NINANE C,MM - DIVISION 3 B,
