Code,Date,Heure,Équipe 1,Équipe 2,Catégorie,Autre
772113,2026-02-08,10:00,RBC AWANS,ABC WAREMME A,CPE PROV CADETTES,(Salle de Sprimont)
772114,2026-02-08,12:15,ABC WAREMME B,RBC ESNEUX,CPE PROV CADETTES,(Salle de Sprimont)
763146,2026-02-07,12:45,CRISTAL SGH B,ABC WAREMME A,CPE PROV MINIMES MM,(Salle de Grivegnée)
414215,2026-01-24,18:00,ABC WAREMME A,COLLEGE S LOUIS,DD - DIVISION 2 A,
414221,2026-02-01,13:00,LA VILLERSOISE A,ABC WAREMME A,DD - DIVISION 2 A,
414195,2026-02-07,18:00,ABC WAREMME A,ROYAL BC NINANE A,DD - DIVISION 2 A,
414245,2026-02-15,12:00,ABC WAREMME A,RBC STAVELOT,DD - DIVISION 2 A,(Hall d'Oreye)
414265,2026-02-28,19:00,ABC WAREMME A,ATLAS A JUPILLE,DD - DIVISION 2 A,
414277,2026-03-07,21:00,RBC BLEGNY B,ABC WAREMME A,DD - DIVISION 2 A,
414295,2026-03-21,18:00,ABC WAREMME A,ROYALE US AWANS,DD - DIVISION 2 A,
414305,2026-03-28,18:00,ABC WAREMME A,BC SPRIMONT B,DD - DIVISION 2 A,
414315,2026-04-04,21:00,PRAYON TROOZ B,ABC WAREMME A,DD - DIVISION 2 A,
414331,2026-04-19,15:00,ALL. FLEMALLE A,ABC WAREMME A,DD - DIVISION 2 A,
415217,2026-01-24,20:00,ABC WAREMME B,CRISTAL SGH A,DD - DIVISION 2 B,
415202,2026-01-27,19:00,AVENIR JUPILLE B,ABC WAREMME B,DD - DIVISION 2 B,
415226,2026-02-04,21:00,ROYAL BC NINANE B,ABC WAREMME B,DD - DIVISION 2 B,
415197,2026-02-07,20:00,ABC WAREMME B,ROYAL ANS BC,DD - DIVISION 2 B,
415247,2026-02-14,20:00,ABC WAREMME B,RBC ALLEUR D,DD - DIVISION 2 B,
415277,2026-03-07,20:00,ABC WAREMME B,BC VERLAINE A,DD - DIVISION 2 B,
415264,2026-03-14,19:00,R 4A AYWAILLE-HAMOIR A,ABC WAREMME B,DD - DIVISION 2 B,
415297,2026-03-21,20:00,ABC WAREMME B,R.UN.BELLAIRE B,DD - DIVISION 2 B,
415306,2026-03-29,11:00,HENRI-CHAPELLE B,ABC WAREMME B,DD - DIVISION 2 B,
415317,2026-04-04,17:00,ABC WAREMME B,PEPINSTER EAST BELG C,DD - DIVISION 2 B,
415327,2026-04-11,19:00,ABC WAREMME B,RBC VISE A,DD - DIVISION 2 B,
415334,2026-04-19,16:00,RBC HANEFFE C,ABC WAREMME B,DD - DIVISION 2 B,
416217,2026-01-24,19:00,ABC WAREMME C,R 4A AYWAILLE-HAMOIR B,DD - DIVISION 3 A,
416197,2026-02-07,19:00,ABC WAREMME C,ROYAL HERVE-BATTICE D,DD - DIVISION 3 A,
416247,2026-02-15,14:00,ABC WAREMME C,RBC BLEGNY C,DD - DIVISION 3 A,(Hall d'Oreye)
416264,2026-03-01,16:30,CS OUTREMEUSE,ABC WAREMME C,DD - DIVISION 3 A,
416277,2026-03-07,19:00,ABC WAREMME C,CRISTAL SGH B,DD - DIVISION 3 A,
416306,2026-03-29,13:00,ROYAL BC WANZE,ABC WAREMME C,DD - DIVISION 3 A,
416327,2026-04-11,21:00,ABC WAREMME C,LA VILLERSOISE B,DD - DIVISION 3 A,
416334,2026-04-19,14:00,RBC ESNEUX C,ABC WAREMME C,DD - DIVISION 3 A,
402214,2026-01-24,17:30,BC VERVIERS B,ABC WAREMME B,MM - DIVISION 2 A,
402221,2026-01-30,20:30,ABC WAREMME B,ATLAS A JUPILLE B,MM - DIVISION 2 A,(IPES)
402192,2026-02-07,19:00,ABC WAREMME B,RBC STAVELOT A,MM - DIVISION 2 A,
402246,2026-02-15,15:00,ROYAL BC WANZE B,ABC WAREMME B,MM - DIVISION 2 A,
402261,2026-02-28,17:00,ABC WAREMME B,BC BELLEFLAMME C,MM - DIVISION 2 A,
402273,2026-03-07,21:00,RBC AWANS A,ABC WAREMME B,MM - DIVISION 2 A,
402297,2026-03-22,15:00,RBC ALLEUR C,ABC WAREMME B,MM - DIVISION 2 A,
402301,2026-03-28,17:00,ABC WAREMME B,ESL UNITED E,MM - DIVISION 2 A,
402312,2026-04-04,17:00,BC SPRIMONT C,ABC WAREMME B,MM - DIVISION 2 A,
402321,2026-04-11,17:00,ABC WAREMME B,RBC VISE A,MM - DIVISION 2 A,
402335,2026-04-19,11:00,FLERON BBC A,ABC WAREMME B,MM - DIVISION 2 A,
409217,2026-01-24,21:00,ABC WAREMME C,RBC CROATIA OUPEYE,MM - DIVISION 4 C,
409226,2026-02-01,11:00,ALL. FLEMALLE C,ABC WAREMME C,MM - DIVISION 4 C,
409197,2026-02-07,21:00,ABC WAREMME C,ETOILE JUPILLE C,MM - DIVISION 4 C,
409247,2026-02-14,21:00,ABC WAREMME C,RBC ALLEUR E,MM - DIVISION 4 C,
409105,2026-02-21,17:00,RBC DISON-ANDRIMONT C,ABC WAREMME C,MM - DIVISION 4 C,
409264,2026-03-01,11:00,BC BELLEFLAMME F,ABC WAREMME C,MM - DIVISION 4 C,
409277,2026-03-07,21:00,ABC WAREMME C,RBC DISON-ANDRIMONT C,MM - DIVISION 4 C,
409297,2026-03-21,21:00,ABC WAREMME C,ROYAL SPA BC D,MM - DIVISION 4 C,
409306,2026-03-29,12:00,ROYAL BC NINANE E,ABC WAREMME C,MM - DIVISION 4 C,
409317,2026-04-04,19:00,ABC WAREMME C,R.UN.BELLAIRE C,MM - DIVISION 4 C,
409327,2026-04-11,17:00,ABC WAREMME C,HARIMALIA BC F,MM - DIVISION 4 C,
409334,2026-04-19,11:00,R REN. MONTEGNEE,ABC WAREMME C,MM - DIVISION 4 C,
AW102112,2026-01-24,17:00,ABC WAREMME A,BCJS ESTAIMPUIS,MM - REGIONALE 2 A,
AW102118,2026-01-31,20:30,R LINTHOUT BC,ABC WAREMME A,MM - REGIONALE 2 A,
AW102126,2026-02-07,17:00,ABC WAREMME A,RBC ALLEUR A,MM - REGIONALE 2 A,
AW102129,2026-02-13,20:00,RSW LIEGE BASKET B,ABC WAREMME A,MM - REGIONALE 2 A,
AW102144,2026-03-01,11:30,B55 ACADEMY XL,ABC WAREMME A,MM - REGIONALE 2 A,
AW102154,2026-03-07,17:00,ABC WAREMME A,AS MAZY-SPY,MM - REGIONALE 2 A,
AW102160,2026-03-15,17:30,ROYAL BC WANZE A,ABC WAREMME A,MM - REGIONALE 2 A,
AW102140,2026-03-21,17:00,ABC WAREMME A,CANTER SCHAERBEEK,MM - REGIONALE 2 A,
AW102175,2026-04-11,17:00,ABC WAREMME A,ROYAL NIVELLES,MM - REGIONALE 2 A,
AW102179,2026-04-18,19:00,BC FRAIRE,ABC WAREMME A,MM - REGIONALE 2 A,
AW102168,2026-04-25,17:00,ABC WAREMME A,UNITED B WOLUWE,MM - REGIONALE 2 A,
523214,2026-01-24,9:00,BC COINTE A,ABC WAREMME A,U 10 - MM D,
523221,2026-01-31,9:00,ABC WAREMME A,RB TILFF C,U 10 - MM D,
523192,2026-02-14,13:30,BC SPRIMONT C,ABC WAREMME A,U 10 - MM D,
523261,2026-02-28,13:00,ABC WAREMME A,CONDROZ MODAVE BB A,U 10 - MM D,
523273,2026-03-08,11:00,RBC AWANS A,ABC WAREMME A,U 10 - MM D,
523294,2026-03-21,12:00,RBC ESNEUX B,ABC WAREMME A,U 10 - MM D,
523301,2026-03-28,13:00,ABC WAREMME A,ALL. FLEMALLE A,U 10 - MM D,
523321,2026-04-11,9:00,ABC WAREMME A,ORP JAUCHE,U 10 - MM D,
530214,2026-01-24,14:00,RBC HANEFFE A,ABC WAREMME B,U 10 - MM K,
530221,2026-01-31,11:00,ABC WAREMME B,BC VERLAINE,U 10 - MM K,
530231,2026-02-07,10:45,RBC ALLEUR A,ABC WAREMME B,U 10 - MM K,
530273,2026-03-08,13:00,RBC AWANS B,ABC WAREMME B,U 10 - MM K,
530294,2026-03-21,9:00,UN HUY BASKET B,ABC WAREMME B,U 10 - MM K,
530301,2026-03-28,15:00,ABC WAREMME B,GIANTS BRAIVES C,U 10 - MM K,
530321,2026-04-11,11:00,ABC WAREMME B,ROYAL BC WANZE B,U 10 - MM K,
530335,2026-04-18,11:30,ROYAL MOSA AC 1941,ABC WAREMME B,U 10 - MM K,
501214,2026-01-24,11:30,BC COINTE B,ABC WAREMME A,U 12 - MM B,
501221,2026-01-31,13:00,ABC WAREMME A,RB TILFF A,U 12 - MM B,
501231,2026-02-08,11:15,ALL. FLEMALLE C,ABC WAREMME A,U 12 - MM B,
501273,2026-03-08,9:00,RBC AWANS A,ABC WAREMME A,U 12 - MM B,
501076,2026-03-14,11:00,ROYAL BC NINANE A,ABC WAREMME A,U 12 - MM B,
501335,2026-03-14,13:00,R 4A AYWAILLE-HAMOIR,ABC WAREMME A,U 12 - MM B,
501294,2026-03-21,9:00,LA VILLERSOISE C,ABC WAREMME A,U 12 - MM B,
501321,2026-04-11,9:00,ABC WAREMME A,ROYAL BC NINANE A,U 12 - MM B,
503211,2026-01-24,13:00,ABC WAREMME D,LA VILLERSOISE B,U 12 - MM D,
503225,2026-01-31,11:00,ROYAL HERVE-BATTICE B,ABC WAREMME D,U 12 - MM D,
503262,2026-03-01,12:00,BC SPRIMONT A,ABC WAREMME D,U 12 - MM D,
503271,2026-03-07,13:00,ABC WAREMME D,ALL. FLEMALLE A,U 12 - MM D,
503306,2026-03-29,13:00,GIANTS BRAIVES B,ABC WAREMME D,U 12 - MM D,
503326,2026-04-11,15:00,CRISTAL SGH A,ABC WAREMME D,U 12 - MM D,
503331,2026-04-18,13:00,ABC WAREMME D,BC VERLAINE A,U 12 - MM D,
507215,2026-01-24,11:00,ABC WAREMME B,GIANTS BRAIVES C,U 12 - MM H,
507221,2026-02-01,15:00,ALL. FLEMALLE E,ABC WAREMME B,U 12 - MM H,
507195,2026-02-14,11:00,ABC WAREMME B,FLERON BBC,U 12 - MM H,
507272,2026-03-07,11:00,RABC ENSIVAL B,ABC WAREMME B,U 12 - MM H,
507305,2026-03-28,11:00,ABC WAREMME B,R.UN.BELLAIRE,U 12 - MM H,
507324,2026-04-11,11:00,RBC HANEFFE,ABC WAREMME B,U 12 - MM H,
507331,2026-04-19,9:00,RBC ALLEUR A,ABC WAREMME B,U 12 - MM H,
508215,2026-01-24,9:00,ABC WAREMME C,HANNUT BC,U 12 - MM I,
508195,2026-02-14,9:00,ABC WAREMME C,ATLAS A JUPILLE,U 12 - MM I,
508265,2026-02-28,9:00,ABC WAREMME C,ROYAL BC WANZE A,U 12 - MM I,
508272,2026-03-08,9:15,RJS GRIVEGNEE,ABC WAREMME C,U 12 - MM I,
508295,2026-03-21,9:00,ABC WAREMME C,VAIL. JUPILLE,U 12 - MM I,
508305,2026-03-28,9:00,ABC WAREMME C,UN HUY BASKET C,U 12 - MM I,
508331,2026-04-18,16:30,RBC ALLEUR B,ABC WAREMME C,U 12 - MM I,
481211,2026-01-25,15:00,HARIMALIA BC A,ABC WAREMME,U 14 - ELITES MM B,
481224,2026-01-31,9:00,ABC WAREMME,BC SPRIMONT,U 14 - ELITES MM B,
481194,2026-02-14,13:00,BC COINTE,ABC WAREMME,U 14 - ELITES MM B,
481263,2026-02-28,13:00,COLLEGE S LOUIS B,ABC WAREMME,U 14 - ELITES MM B,
481274,2026-03-07,9:00,ABC WAREMME,ROYAL BC NINANE A,U 14 - ELITES MM B,
481325,2026-04-11,11:00,ATLAS A JUPILLE,ABC WAREMME,U 14 - ELITES MM B,
481334,2026-04-18,9:00,ABC WAREMME,ROYAL BC WANZE,U 14 - ELITES MM B,
AW182023,2026-01-24,11:00,CASTORS BRAINE,ABC WAREMME,U 14 - SILVER REGIONALES B,
AW182012,2026-02-07,11:00,ABC WAREMME,BC COLFONTAINE,U 14 - SILVER REGIONALES B,
AW182014,2026-02-14,15:30,BBC LIBRAMONT,ABC WAREMME,U 14 - SILVER REGIONALES B,
AW182030,2026-03-07,11:00,ABC WAREMME,BBC LIBRAMONT,U 14 - SILVER REGIONALES B,
AW182025,2026-03-14,15:30,BC COLFONTAINE,ABC WAREMME,U 14 - SILVER REGIONALES B,
AW182021,2026-03-21,13:00,ABC WAREMME,BC BONINNE,U 14 - SILVER REGIONALES B,
AW182018,2026-04-11,13:00,LA VILLERSOISE,ABC WAREMME,U 14 - SILVER REGIONALES B,
AW182009,2026-04-18,11:00,ABC WAREMME,CASTORS BRAINE,U 14 - SILVER REGIONALES B,
AW182004,2026-04-25,11:00,BC BONINNE,ABC WAREMME,U 14 - SILVER REGIONALES B,
AW163010,2026-02-07,9:00,ABC WAREMME,R.B.C. BELGRADE,U 14 - SILVER REGIONAUX A,
AW163022,2026-02-21,11:00,ABC WAREMME,CANTER SCHAERBEEK,U 14 - SILVER REGIONAUX A,
AW163004,2026-02-28,11:00,ABC WAREMME,UBCF QUAREGNON,U 14 - SILVER REGIONAUX A,
AW163026,2026-03-14,16:15,R.B.C. BELGRADE,ABC WAREMME,U 14 - SILVER REGIONAUX A,
AW163021,2026-03-21,11:00,UBCF QUAREGNON,ABC WAREMME,U 14 - SILVER REGIONAUX A,
AW163016,2026-04-11,11:00,ABC WAREMME,REBOND OTTIGNIES,U 14 - SILVER REGIONAUX A,
AW163007,2026-04-19,14:00,CANTER SCHAERBEEK,ABC WAREMME,U 14 - SILVER REGIONAUX A,
591215,2026-01-24,15:00,ABC WAREMME,ROYAL BC NINANE,U 16 - DD B,
591221,2026-01-31,15:00,RBC BLEGNY,ABC WAREMME,U 16 - DD B,
591195,2026-02-14,9:00,ABC WAREMME,ALL. FLEMALLE A,U 16 - DD B,
591265,2026-02-28,9:00,ABC WAREMME,ORP JAUCHE,U 16 - DD B,
591272,2026-03-07,15:00,RBC VISE A,ABC WAREMME,U 16 - DD B,
591295,2026-03-21,9:00,ABC WAREMME,BCM HERSTAL,U 16 - DD B,
591305,2026-03-28,9:00,ABC WAREMME,RBC AWANS A,U 16 - DD B,
591324,2026-04-11,9:00,LA VILLERSOISE,ABC WAREMME,U 16 - DD B,
591331,2026-04-18,15:00,ALL. FLEMALLE C,ABC WAREMME,U 16 - DD B,
450221,2026-01-31,13:00,ABC WAREMME A,ROYAL MOSA AC 1941,U 16 - ELITES MM A,
450261,2026-02-28,13:00,ABC WAREMME A,ROYAL SPA BC B,U 16 - ELITES MM A,
450273,2026-03-08,13:30,BC VERVIERS B,ABC WAREMME A,U 16 - ELITES MM A,
450231,2026-03-21,15:00,RBC VISE A,ABC WAREMME A,U 16 - ELITES MM A,
450301,2026-03-28,13:00,ABC WAREMME A,GIANTS BRAIVES A,U 16 - ELITES MM A,
450321,2026-04-11,13:00,ABC WAREMME A,HENRI-CHAPELLE,U 16 - ELITES MM A,
450335,2026-04-18,9:00,CRISTAL SGH B,ABC WAREMME A,U 16 - ELITES MM A,
472214,2026-01-24,15:00,BC COINTE,ABC WAREMME B,U 16 - PROV MM C,
472231,2026-02-07,11:00,COLLEGE S LOUIS,ABC WAREMME B,U 16 - PROV MM C,
472192,2026-02-14,15:00,PEPINSTER EAST BELG A,ABC WAREMME B,U 16 - PROV MM C,
472261,2026-02-28,15:00,ABC WAREMME B,CONDROZ MODAVE BB,U 16 - PROV MM C,
472273,2026-03-07,16:00,R.UN.BELLAIRE,ABC WAREMME B,U 16 - PROV MM C,
472294,2026-03-22,16:30,MARCHIN BASKET,ABC WAREMME B,U 16 - PROV MM C,
472301,2026-03-28,15:00,ABC WAREMME B,ORP JAUCHE,U 16 - PROV MM C,
472321,2026-04-11,13:00,ABC WAREMME B,GIANTS BRAIVES,U 16 - PROV MM C,
472335,2026-04-18,11:00,CRISTAL SGH D,ABC WAREMME B,U 16 - PROV MM C,(Site des 18 Bonniers)
432216,2026-01-25,15:00,ROYAL BC NINANE A,ABC WAREMME A,U 18 - ELITES MM C,
432225,2026-01-31,13:00,ABC WAREMME A,RBC ALLEUR A,U 18 - ELITES MM C,
432266,2026-02-28,15:00,ORP JAUCHE,ABC WAREMME A,U 18 - ELITES MM C,
432275,2026-03-07,9:00,ABC WAREMME A,BC SPRIMONT,U 18 - ELITES MM C,
432293,2026-03-21,11:00,RBC AWANS A,ABC WAREMME A,U 18 - ELITES MM C,
432303,2026-03-29,13:00,ROYAL ANS BC A,ABC WAREMME A,U 18 - ELITES MM C,
432325,2026-04-11,9:00,ABC WAREMME A,RBC ESNEUX,U 18 - ELITES MM C,
432335,2026-04-18,13:00,ABC WAREMME A,LA VILLERSOISE,U 18 - ELITES MM C,
580212,2026-01-24,9:00,RBC AWANS,ABC WAREMME B,U 19 - DD A,
580223,2026-01-31,15:00,ABC WAREMME B,RBC AWANS,U 19 - DD A,
580273,2026-03-07,11:00,ABC WAREMME B,RBC ESNEUX,U 19 - DD A,
580293,2026-03-21,11:00,ABC WAREMME B,RBC AUBEL,U 19 - DD A,
580302,2026-03-28,13:00,PEPINSTER EAST BELG,ABC WAREMME B,U 19 - DD A,
580323,2026-04-11,15:00,ROYAL BC NINANE,ABC WAREMME B,U 19 - DD A,
580331,2026-04-18,15:00,RBC WELKENRAEDT,ABC WAREMME B,U 19 - DD A,
581214,2026-01-24,13:00,ABC WAREMME A,RBC BLEGNY,U 19 - DD B,
581221,2026-01-31,13:00,RBC BLEGNY,ABC WAREMME A,U 19 - DD B,
581234,2026-02-07,13:00,ABC WAREMME A,ATLAS A JUPILLE,U 19 - DD B,
581193,2026-02-14,11:00,ATLAS A JUPILLE,ABC WAREMME A,U 19 - DD B,
581273,2026-03-07,17:00,LA VILLERSOISE,ABC WAREMME A,U 19 - DD B,
581292,2026-03-22,9:00,ROYAL BC WANZE,ABC WAREMME A,U 19 - DD B,
581322,2026-04-11,13:00,RBC VISE,ABC WAREMME A,U 19 - DD B,
581334,2026-04-18,13:00,ABC WAREMME A,ROYAL HERVE-BATTICE,U 19 - DD B,
552215,2026-01-24,9:00,ABC WAREMME B,GIANTS BRAIVES,U 7 - MM C,
552221,2026-01-31,13:00,HARIMALIA BC,ABC WAREMME B,U 7 - MM C,
552235,2026-02-07,9:00,ABC WAREMME B,PEPINSTER EAST BELG C,U 7 - MM C,
552195,2026-02-14,9:00,ABC WAREMME B,CRISTAL SGH A,U 7 - MM C,
552265,2026-02-28,9:00,ABC WAREMME B,ROYAL BC WANZE,U 7 - MM C,
552272,2026-03-15,9:00,BC SPRIMONT B,ABC WAREMME B,U 7 - MM C,
552295,2026-03-21,9:00,ABC WAREMME B,VAIL. JUPILLE,U 7 - MM C,
552305,2026-03-28,9:00,ABC WAREMME B,RBC VISE,U 7 - MM C,
552324,2026-04-11,12:30,RBC HANEFFE,ABC WAREMME B,U 7 - MM C,
552331,2026-04-18,11:30,RB TILFF B,ABC WAREMME B,U 7 - MM C,
553215,2026-01-24,9:00,ABC WAREMME A,ALL. FLEMALLE A,U 7 - MM D,
553221,2026-01-31,9:00,RBC ALLEUR,ABC WAREMME A,U 7 - MM D,
553195,2026-02-14,9:00,ABC WAREMME A,BC VERLAINE A,U 7 - MM D,
553265,2026-02-28,9:00,ABC WAREMME A,HANNUT BC,U 7 - MM D,
553272,2026-03-07,9:45,CONDROZ MODAVE BB,ABC WAREMME A,U 7 - MM D,
553295,2026-03-21,9:00,ABC WAREMME A,ROYAL ANS BC,U 7 - MM D,
553305,2026-03-28,9:00,ABC WAREMME A,RBC AWANS,U 7 - MM D,
553324,2026-04-11,9:00,UN HUY BASKET,ABC WAREMME A,U 7 - MM D,
553331,2026-04-18,10:15,BC COINTE B,ABC WAREMME A,U 7 - MM D,
542221,2026-01-31,9:00,RBC ALLEUR,ABC WAREMME A,U 8 - MM C,
542235,2026-02-07,11:00,ABC WAREMME A,PEPINSTER EAST BELG B,U 8 - MM C,
542195,2026-02-14,11:00,ABC WAREMME A,R 4A AYWAILLE-HAMOIR B,U 8 - MM C,
542265,2026-02-28,11:00,ABC WAREMME A,R HT-PRE OUGREE,U 8 - MM C,
542272,2026-03-07,13:15,BC SPRIMONT A,ABC WAREMME A,U 8 - MM C,
542295,2026-03-21,11:00,ABC WAREMME A,VAIL. JUPILLE,U 8 - MM C,
542305,2026-03-28,11:00,ABC WAREMME A,BC BELLEFLAMME B,U 8 - MM C,
542324,2026-04-11,10:15,BC COINTE,ABC WAREMME A,U 8 - MM C,
542331,2026-04-19,9:00,HENRI-CHAPELLE,ABC WAREMME A,U 8 - MM C,
543221,2026-01-31,12:15,ALL. FLEMALLE A,ABC WAREMME B,U 8 - MM D,
543195,2026-02-14,11:00,ABC WAREMME B,CRISTAL SGH A,U 8 - MM D,
543265,2026-02-28,11:00,ABC WAREMME B,MAIL. COMBLAIN,U 8 - MM D,
543272,2026-03-07,11:45,BC SPRIMONT B,ABC WAREMME B,U 8 - MM D,
543305,2026-03-28,11:00,ABC WAREMME B,RSW LIEGE BASKET,U 8 - MM D,
543324,2026-04-11,9:00,R REN. MONTEGNEE,ABC WAREMME B,U 8 - MM D,
543331,2026-04-18,9:00,ROYAL HERVE-BATTICE A,ABC WAREMME B,U 8 - MM D,
