Code,Date,Heure,Équipe 1,Équipe 2,Catégorie,Autre
414211,2026-01-25,15:00,ALL. FLEMALLE A,RBC HANEFFE B,DD - DIVISION 2 A,
414224,2026-02-01,11:00,RBC HANEFFE B,BC SPRIMONT B,DD - DIVISION 2 A,
414196,2026-02-07,19:00,ATLAS A JUPILLE,RBC HANEFFE B,DD - DIVISION 2 A,
414261,2026-03-01,17:00,LA VILLERSOISE A,RBC HANEFFE B,DD - DIVISION 2 A,
414274,2026-03-08,12:00,RBC HANEFFE B,ROYAL BC NINANE A,DD - DIVISION 2 A,
414294,2026-03-22,12:00,RBC HANEFFE B,COLLEGE S LOUIS,DD - DIVISION 2 A,
414302,2026-03-28,17:00,RBC STAVELOT,RBC HANEFFE B,DD - DIVISION 2 A,
414314,2026-04-05,14:00,RBC HANEFFE B,ROYALE US AWANS,DD - DIVISION 2 A,
414324,2026-04-12,13:00,RBC DISON-ANDRIMONT A,RBC HANEFFE B,DD - DIVISION 2 A,
414334,2026-04-19,12:00,RBC HANEFFE B,RBC BLEGNY B,DD - DIVISION 2 A,
415211,2026-01-24,21:00,RBC VISE A,RBC HANEFFE C,DD - DIVISION 2 B,
415224,2026-02-01,15:00,RBC HANEFFE C,AVENIR JUPILLE B,DD - DIVISION 2 B,
415243,2026-02-15,13:00,ROYAL ANS BC,RBC HANEFFE C,DD - DIVISION 2 B,
415261,2026-03-01,11:00,R.UN.BELLAIRE B,RBC HANEFFE C,DD - DIVISION 2 B,
415274,2026-03-08,18:00,RBC HANEFFE C,ROYAL BC NINANE B,DD - DIVISION 2 B,
415294,2026-03-22,16:00,RBC HANEFFE C,RBC ALLEUR D,DD - DIVISION 2 B,
415302,2026-03-29,15:00,PEPINSTER EAST BELG C,RBC HANEFFE C,DD - DIVISION 2 B,
415314,2026-04-05,12:00,RBC HANEFFE C,VAIL. JUPILLE,DD - DIVISION 2 B,
415324,2026-04-11,19:00,R 4A AYWAILLE-HAMOIR A,RBC HANEFFE C,DD - DIVISION 2 B,
415334,2026-04-19,16:00,RBC HANEFFE C,ABC WAREMME B,DD - DIVISION 2 B,
417211,2026-01-25,13:00,ALL. FLEMALLE B,RBC HANEFFE D,DD - DIVISION 3 B,
417224,2026-02-01,13:00,RBC HANEFFE D,UN HUY BASKET C,DD - DIVISION 3 B,
417196,2026-02-07,19:00,R HT-PRE OUGREE B,RBC HANEFFE D,DD - DIVISION 3 B,
417243,2026-03-07,19:00,RBC AWANS,RBC HANEFFE D,DD - DIVISION 3 B,
417302,2026-03-29,11:45,ROYAL BASKET OTHEE,RBC HANEFFE D,DD - DIVISION 3 B,
417324,2026-04-11,17:00,GIANTS BRAIVES,RBC HANEFFE D,DD - DIVISION 3 B,
417334,2026-04-19,14:00,RBC HANEFFE D,ORP JAUCHE,DD - DIVISION 3 B,
AW106106,2026-01-25,11:00,LADIES CHARLEROI,RBC HANEFFE A,DD - REGIONALE 2 B,
AW106116,2026-01-31,19:00,RBC HANEFFE A,PEPINSTER EAST BELG A,DD - REGIONALE 2 B,
AW106122,2026-02-08,15:00,REBOND OTTIGNIES,RBC HANEFFE A,DD - REGIONALE 2 B,
AW106131,2026-02-20,20:30,BC COINTE A,RBC HANEFFE A,DD - REGIONALE 2 B,
AW106141,2026-03-01,13:00,CANTER SCHAERBEEK,RBC HANEFFE A,DD - REGIONALE 2 B,
AW106151,2026-03-08,16:00,RBC HANEFFE A,MONS CAPITALE,DD - REGIONALE 2 B,
AW106156,2026-03-15,15:00,NAMUR CAPITALE,RBC HANEFFE A,DD - REGIONALE 2 B,
AW106137,2026-03-21,17:00,RBC HANEFFE A,RCS NATOYE,DD - REGIONALE 2 B,
AW106172,2026-04-12,11:00,HERVE-BATTICE B,RBC HANEFFE A,DD - REGIONALE 2 B,
AW106102,2026-04-15,20:30,RBC HANEFFE A,ROYAL BC CINEY,DD - REGIONALE 2 B,
AW106179,2026-04-18,19:00,RBC HANEFFE A,RBC ALLEUR B,DD - REGIONALE 2 B,
AW106165,2026-04-25,19:00,RBC HANEFFE A,UN HUY BASKET B,DD - REGIONALE 2 B,
401211,2026-01-25,13:00,HARIMALIA BC A,RBC HANEFFE A,MM - DIVISION 1,
401224,2026-01-31,21:00,RBC HANEFFE A,THEUX BC A,MM - DIVISION 1,
401196,2026-02-07,20:00,MAIL. COMBLAIN B,RBC HANEFFE A,MM - DIVISION 1,
401243,2026-02-13,21:00,ETOILE JUPILLE A,RBC HANEFFE A,MM - DIVISION 1,
401274,2026-03-07,17:00,RBC HANEFFE A,ESL UNITED C,MM - DIVISION 1,
401261,2026-03-17,20:30,ALL. FLEMALLE A,RBC HANEFFE A,MM - DIVISION 1,
401294,2026-03-21,19:00,RBC HANEFFE A,HANNUT BC A,MM - DIVISION 1,
401302,2026-03-29,14:00,RABC ENSIVAL A,RBC HANEFFE A,MM - DIVISION 1,
401314,2026-04-04,21:00,RBC HANEFFE A,BC BELLEFLAMME B,MM - DIVISION 1,
401324,2026-04-11,21:00,BC COINTE B,RBC HANEFFE A,MM - DIVISION 1,
401334,2026-04-18,21:00,RBC HANEFFE A,HENRI-CHAPELLE A,MM - DIVISION 1,
405214,2026-01-25,10:00,RBC HANEFFE B,LA VILLERSOISE B,MM - DIVISION 3 B,
405222,2026-02-01,9:00,RBC HANEFFE B,BC SPRIMONT D,MM - DIVISION 3 B,
405164,2026-02-08,12:00,RBC HANEFFE B,RBC BLEGNY B,MM - DIVISION 3 B,
405264,2026-02-28,20:30,BCM HERSTAL A,RBC HANEFFE B,MM - DIVISION 3 B,
405272,2026-03-07,20:00,RABC ENSIVAL B,RBC HANEFFE B,MM - DIVISION 3 B,
405244,2026-03-14,17:00,RBC HANEFFE B,VAIL. JUPILLE B,MM - DIVISION 3 B,
405296,2026-03-21,17:00,ROYAL BC NINANE C,RBC HANEFFE B,MM - DIVISION 3 B,
405304,2026-03-29,12:00,RBC HANEFFE B,HARIMALIA BC D,MM - DIVISION 3 B,
405313,2026-04-04,18:00,BC OLNE,RBC HANEFFE B,MM - DIVISION 3 B,
405324,2026-04-12,10:00,RBC HANEFFE B,BC BELLEFLAMME D,MM - DIVISION 3 B,
405337,2026-04-18,19:00,RBC BLEGNY B,RBC HANEFFE B,MM - DIVISION 3 B,
407211,2026-01-24,17:00,RBC VISE D,RBC HANEFFE C,MM - DIVISION 4 A,
407224,2026-01-31,17:00,RBC HANEFFE C,THEUX BC C,MM - DIVISION 4 A,
407243,2026-02-13,19:00,ETOILE JUPILLE B,RBC HANEFFE C,MM - DIVISION 4 A,
407261,2026-02-28,21:00,LA VILLERSOISE C,RBC HANEFFE C,MM - DIVISION 4 A,
407274,2026-03-07,19:00,RBC HANEFFE C,ROYAL BC NINANE D,MM - DIVISION 4 A,
407294,2026-03-22,14:00,RBC HANEFFE C,ORP JAUCHE A,MM - DIVISION 4 A,
407302,2026-03-29,17:00,RSW LIEGE BASKET C,RBC HANEFFE C,MM - DIVISION 4 A,
407314,2026-04-04,19:00,RBC HANEFFE C,VAIL. JUPILLE C,MM - DIVISION 4 A,
407324,2026-04-12,17:00,RBC DISON-ANDRIMONT D,RBC HANEFFE C,MM - DIVISION 4 A,
407334,2026-04-18,17:00,RBC HANEFFE C,RBC ALLEUR D,MM - DIVISION 4 A,
530214,2026-01-24,14:00,RBC HANEFFE A,ABC WAREMME B,U 10 - MM K,
530194,2026-02-14,11:00,RBC HANEFFE A,UN HUY BASKET B,U 10 - MM K,
530264,2026-02-28,14:00,RBC HANEFFE A,RBC AWANS B,U 10 - MM K,
530276,2026-03-08,9:00,ROYAL BC WANZE B,RBC HANEFFE A,U 10 - MM K,
530291,2026-03-21,9:00,RBC ALLEUR A,RBC HANEFFE A,U 10 - MM K,
530324,2026-04-11,14:00,RBC HANEFFE A,BC VERLAINE,U 10 - MM K,
530336,2026-04-19,13:00,GIANTS BRAIVES C,RBC HANEFFE A,U 10 - MM K,
531214,2026-01-24,12:30,RBC HANEFFE B,RBC ALLEUR C,U 10 - MM L,
531194,2026-02-14,12:30,RBC HANEFFE B,UN HUY BASKET C,U 10 - MM L,
531264,2026-02-28,15:30,RBC HANEFFE B,ROYAL ANS BC B,U 10 - MM L,
531276,2026-03-07,14:00,HANNUT BC,RBC HANEFFE B,U 10 - MM L,
531291,2026-03-22,9:00,HARIMALIA BC A,RBC HANEFFE B,U 10 - MM L,
531304,2026-03-28,15:30,RBC HANEFFE B,CONDROZ MODAVE BB B,U 10 - MM L,
507214,2026-01-25,16:00,RBC HANEFFE,ALL. FLEMALLE E,U 12 - MM H,
507264,2026-02-28,11:00,RBC HANEFFE,R.UN.BELLAIRE,U 12 - MM H,
507205,2026-03-08,11:30,FLERON BBC,RBC HANEFFE,U 12 - MM H,
507291,2026-03-21,16:30,RBC ALLEUR A,RBC HANEFFE,U 12 - MM H,
507304,2026-03-28,14:00,RBC HANEFFE,RABC ENSIVAL B,U 12 - MM H,
507324,2026-04-11,11:00,RBC HANEFFE,ABC WAREMME B,U 12 - MM H,
507336,2026-04-19,11:00,GIANTS BRAIVES C,RBC HANEFFE,U 12 - MM H,
601211,2026-01-24,13:00,ALL. FLEMALLE,RBC HANEFFE,U 14 - DD B,
601224,2026-01-31,15:00,RBC HANEFFE,UN HUY BASKET,U 14 - DD B,
601233,2026-02-08,13:00,ATLAS A JUPILLE,RBC HANEFFE,U 14 - DD B,
601194,2026-02-14,10:45,R REN. MONTEGNEE,RBC HANEFFE,U 14 - DD B,
601263,2026-02-28,13:00,RBC AWANS,RBC HANEFFE,U 14 - DD B,
601274,2026-03-08,9:00,RBC HANEFFE,RBC ALLEUR,U 14 - DD B,
601294,2026-03-22,10:00,RBC HANEFFE,RBC VISE,U 14 - DD B,
601334,2026-04-19,10:00,RBC HANEFFE,MAIL. COMBLAIN,U 14 - DD B,
AW161023,2026-01-25,16:00,BC FRAIRE,RBC HANEFFE,U 14 - GOLD REGIONAUX A,
AW161012,2026-01-31,11:00,RBC HANEFFE,ESL UNITED,U 14 - GOLD REGIONAUX A,
AW161014,2026-02-14,15:00,BC SPRIMONT,RBC HANEFFE,U 14 - GOLD REGIONAUX A,
AW161030,2026-03-01,10:00,RBC HANEFFE,BC SPRIMONT,U 14 - GOLD REGIONAUX A,
AW161025,2026-03-15,13:00,ESL UNITED,RBC HANEFFE,U 14 - GOLD REGIONAUX A,
AW161021,2026-03-21,11:00,RBC HANEFFE,ROYAL NIVELLES,U 14 - GOLD REGIONAUX A,
AW161018,2026-04-12,13:00,BC GENAPPE,RBC HANEFFE,U 14 - GOLD REGIONAUX A,
AW161009,2026-04-18,13:00,RBC HANEFFE,BC FRAIRE,U 14 - GOLD REGIONAUX A,
AW156012,2026-02-07,15:00,RBC HANEFFE,CASTORS BRAINE,U 16 - GOLD REGIONAUX B,
AW156023,2026-02-27,20:15,BC MALONNE,RBC HANEFFE,U 16 - GOLD REGIONAUX B,
AW156030,2026-03-07,15:00,RBC HANEFFE,DPK CARNIERES,U 16 - GOLD REGIONAUX B,
AW156025,2026-03-14,11:00,CASTORS BRAINE,RBC HANEFFE,U 16 - GOLD REGIONAUX B,
AW156021,2026-03-21,15:00,RBC HANEFFE,EAST BELGIUM BCA,U 16 - GOLD REGIONAUX B,
AW156014,2026-03-28,11:00,DPK CARNIERES,RBC HANEFFE,U 16 - GOLD REGIONAUX B,
AW156009,2026-04-18,15:00,RBC HANEFFE,BC MALONNE,U 16 - GOLD REGIONAUX B,
AW156018,2026-04-26,14:00,FRESH AIR,RBC HANEFFE,U 16 - GOLD REGIONAUX B,
431222,2026-02-01,15:00,RSW LIEGE BASKET A,RBC HANEFFE,U 18 - ELITES MM B,
431234,2026-02-08,10:00,RBC HANEFFE,UN HUY BASKET B,U 18 - ELITES MM B,
431276,2026-02-14,16:00,MAIL. COMBLAIN,RBC HANEFFE,U 18 - ELITES MM B,
431214,2026-03-15,12:00,RBC HANEFFE,ALL. FLEMALLE A,U 18 - ELITES MM B,
431291,2026-03-22,13:00,COLLEGE S LOUIS,RBC HANEFFE,U 18 - ELITES MM B,
431304,2026-03-29,10:00,RBC HANEFFE,PEPINSTER EAST BELG,U 18 - ELITES MM B,
431054,2026-04-05,10:00,RBC HANEFFE,RSW LIEGE BASKET A,U 18 - ELITES MM B,
431324,2026-04-11,16:00,RBC HANEFFE,R 4A AYWAILLE-HAMOIR,U 18 - ELITES MM B,
431336,2026-04-18,11:00,GIANTS BRAIVES,RBC HANEFFE,U 18 - ELITES MM B,
AW150023,2026-01-24,13:00,BC SPRIMONT,RBC HANEFFE,U 18 - GOLD REGIONAUX A,
AW150012,2026-01-31,13:00,RBC HANEFFE,ESL UNITED,U 18 - GOLD REGIONAUX A,
AW150014,2026-02-14,14:30,CANTER SCHAERBEEK,RBC HANEFFE,U 18 - GOLD REGIONAUX A,
AW150004,2026-03-01,10:00,DPK CARNIERES,RBC HANEFFE,U 18 - GOLD REGIONAUX A,
AW150030,2026-03-07,13:00,RBC HANEFFE,CANTER SCHAERBEEK,U 18 - GOLD REGIONAUX A,
AW150025,2026-03-15,11:00,ESL UNITED,RBC HANEFFE,U 18 - GOLD REGIONAUX A,
AW150021,2026-03-21,13:00,RBC HANEFFE,DPK CARNIERES,U 18 - GOLD REGIONAUX A,
AW150009,2026-04-05,16:00,RBC HANEFFE,BC SPRIMONT,U 18 - GOLD REGIONAUX A,
AW150018,2026-04-11,14:00,RCS NATOYE,RBC HANEFFE,U 18 - GOLD REGIONAUX A,
552214,2026-01-24,11:00,RBC HANEFFE,HARIMALIA BC,U 7 - MM C,
552222,2026-01-31,13:00,PEPINSTER EAST BELG C,RBC HANEFFE,U 7 - MM C,
552234,2026-02-07,12:30,RBC HANEFFE,VAIL. JUPILLE,U 7 - MM C,
552264,2026-02-28,12:30,RBC HANEFFE,RBC VISE,U 7 - MM C,
552276,2026-03-08,12:00,ROYAL BC WANZE,RBC HANEFFE,U 7 - MM C,
552291,2026-03-14,11:30,RBC HANEFFE,RB TILFF B,U 7 - MM C,
552304,2026-03-28,12:30,RBC HANEFFE,BC SPRIMONT B,U 7 - MM C,
552324,2026-04-11,12:30,RBC HANEFFE,ABC WAREMME B,U 7 - MM C,
552336,2026-04-19,9:00,GIANTS BRAIVES,RBC HANEFFE,U 7 - MM C,
545212,2026-01-24,13:15,CONDROZ MODAVE BB,RBC HANEFFE,U 8 - MM F,
545226,2026-02-01,9:00,GIANTS BRAIVES,RBC HANEFFE,U 8 - MM F,
545233,2026-02-07,11:00,RBC HANEFFE,UN HUY BASKET,U 8 - MM F,
545196,2026-02-14,11:00,ORP JAUCHE,RBC HANEFFE,U 8 - MM F,
545264,2026-03-01,9:30,RB TILFF A,RBC HANEFFE,U 8 - MM F,
545273,2026-03-07,11:00,RBC HANEFFE,LA VILLERSOISE,U 8 - MM F,
545305,2026-03-28,9:15,BC VERLAINE B,RBC HANEFFE,U 8 - MM F,
545293,2026-04-04,11:00,RBC HANEFFE,R 4A AYWAILLE-HAMOIR A,U 8 - MM F,
545333,2026-04-18,11:00,RBC HANEFFE,BC CRISNEE A,U 8 - MM F,
