Code,Date,Heure,Équipe 1,Équipe 2,Catégorie,Autre
774117,2026-02-08,10:00,BC VERLAINE,HENRI-CHAPELLE,CPE PROV PUPILLES DD,(Salle de Grivegnée)
415215,2026-01-24,20:45,BC VERLAINE A,RBC ALLEUR D,DD - DIVISION 2 B,
415221,2026-01-30,20:15,R.UN.BELLAIRE B,BC VERLAINE A,DD - DIVISION 2 B,
415195,2026-02-07,20:45,BC VERLAINE A,ROYAL BC NINANE B,DD - DIVISION 2 B,
415245,2026-02-11,19:30,BC VERLAINE A,PEPINSTER EAST BELG C,DD - DIVISION 2 B,
415265,2026-02-28,20:45,BC VERLAINE A,HENRI-CHAPELLE B,DD - DIVISION 2 B,
415277,2026-03-07,20:00,ABC WAREMME B,BC VERLAINE A,DD - DIVISION 2 B,
415295,2026-03-21,21:00,BC VERLAINE A,VAIL. JUPILLE,DD - DIVISION 2 B,
415305,2026-03-28,20:45,BC VERLAINE A,AVENIR JUPILLE B,DD - DIVISION 2 B,
415315,2026-04-05,17:00,CRISTAL SGH A,BC VERLAINE A,DD - DIVISION 2 B,
415325,2026-04-11,20:45,BC VERLAINE A,ROYAL ANS BC,DD - DIVISION 2 B,
415331,2026-04-18,21:00,RBC VISE A,BC VERLAINE A,DD - DIVISION 2 B,(Salle de Fourons)
417184,2026-02-05,19:00,GIANTS BRAIVES,BC VERLAINE B,DD - DIVISION 3 B,
417265,2026-02-28,18:45,BC VERLAINE B,R HT-PRE OUGREE B,DD - DIVISION 3 B,
417277,2026-03-07,17:00,ORP JAUCHE,BC VERLAINE B,DD - DIVISION 3 B,
417305,2026-03-22,17:00,BC VERLAINE B,UN HUY BASKET C,DD - DIVISION 3 B,
417315,2026-04-01,19:00,REBOND NEUVILLE,BC VERLAINE B,DD - DIVISION 3 B,
417245,2026-04-04,18:45,BC VERLAINE B,ROYAL BASKET OTHEE,DD - DIVISION 3 B,
417325,2026-04-11,18:45,BC VERLAINE B,RBC AWANS,DD - DIVISION 3 B,
417331,2026-04-19,13:00,ALL. FLEMALLE B,BC VERLAINE B,DD - DIVISION 3 B,
407215,2026-01-25,11:00,BC VERLAINE,ORP JAUCHE A,MM - DIVISION 4 A,
407221,2026-01-31,21:00,LA VILLERSOISE C,BC VERLAINE,MM - DIVISION 4 A,
407245,2026-02-15,11:00,BC VERLAINE,RSW LIEGE BASKET C,MM - DIVISION 4 A,
407184,2026-02-21,21:00,RBC DISON-ANDRIMONT D,BC VERLAINE,MM - DIVISION 4 A,
407265,2026-03-01,11:00,BC VERLAINE,GIANTS BRAIVES A,MM - DIVISION 4 A,
407277,2026-03-06,20:30,RBC ALLEUR D,BC VERLAINE,MM - DIVISION 4 A,
407331,2026-03-14,21:00,RBC VISE D,BC VERLAINE,MM - DIVISION 4 A,
407295,2026-03-22,11:00,BC VERLAINE,VAIL. JUPILLE C,MM - DIVISION 4 A,
407305,2026-03-29,11:00,BC VERLAINE,THEUX BC C,MM - DIVISION 4 A,
407315,2026-04-05,13:30,ROYAL MOSA AC 1941 B,BC VERLAINE,MM - DIVISION 4 A,
407325,2026-04-12,11:00,BC VERLAINE,ETOILE JUPILLE B,MM - DIVISION 4 A,
530215,2026-01-25,9:00,BC VERLAINE,GIANTS BRAIVES C,U 10 - MM K,
530221,2026-01-31,11:00,ABC WAREMME B,BC VERLAINE,U 10 - MM K,
530195,2026-02-14,11:00,BC VERLAINE,ROYAL MOSA AC 1941,U 10 - MM K,
530265,2026-02-28,11:00,BC VERLAINE,ROYAL BC WANZE B,U 10 - MM K,
530305,2026-03-28,11:00,BC VERLAINE,RBC AWANS B,U 10 - MM K,
530324,2026-04-11,14:00,RBC HANEFFE A,BC VERLAINE,U 10 - MM K,
530331,2026-04-18,14:45,RBC ALLEUR A,BC VERLAINE,U 10 - MM K,
503215,2026-01-24,13:00,BC VERLAINE A,CRISTAL SGH A,U 12 - MM D,
503235,2026-02-07,13:00,BC VERLAINE A,BC SPRIMONT A,U 12 - MM D,
503195,2026-02-14,13:00,BC VERLAINE A,ROYAL HERVE-BATTICE B,U 12 - MM D,
503265,2026-02-28,13:00,BC VERLAINE A,GIANTS BRAIVES B,U 12 - MM D,
503295,2026-03-21,13:00,BC VERLAINE A,ALL. FLEMALLE A,U 12 - MM D,
503305,2026-03-28,13:00,BC VERLAINE A,ETOILE JUPILLE,U 12 - MM D,
503331,2026-04-18,13:00,ABC WAREMME D,BC VERLAINE A,U 12 - MM D,
509215,2026-01-24,13:00,BC VERLAINE B,ORP JAUCHE,U 12 - MM J,
509235,2026-02-07,13:00,BC VERLAINE B,BC SPRIMONT C,U 12 - MM J,
509265,2026-02-28,13:00,BC VERLAINE B,ROYAL BC WANZE B,U 12 - MM J,
509272,2026-03-07,11:30,CONDROZ MODAVE BB,BC VERLAINE B,U 12 - MM J,
509305,2026-03-28,13:00,BC VERLAINE B,ROYAL ANS BC B,U 12 - MM J,
509331,2026-04-18,9:00,RBC ALLEUR C,BC VERLAINE B,U 12 - MM J,
601215,2026-01-25,13:00,BC VERLAINE,RBC ALLEUR,U 14 - DD B,
601221,2026-02-01,15:00,RBC VISE,BC VERLAINE,U 14 - DD B,
601116,2026-02-15,10:00,MAIL. COMBLAIN,BC VERLAINE,U 14 - DD B,
601265,2026-03-01,13:00,BC VERLAINE,MAIL. COMBLAIN,U 14 - DD B,
601272,2026-03-08,13:00,UN HUY BASKET,BC VERLAINE,U 14 - DD B,
601295,2026-03-22,13:00,BC VERLAINE,RBC AWANS,U 14 - DD B,
601305,2026-03-29,13:00,BC VERLAINE,ATLAS A JUPILLE,U 14 - DD B,
601324,2026-04-11,10:45,R REN. MONTEGNEE,BC VERLAINE,U 14 - DD B,
601331,2026-04-18,13:00,ALL. FLEMALLE,BC VERLAINE,U 14 - DD B,
492215,2026-01-25,15:00,BC VERLAINE,GIANTS BRAIVES,U 14 - PROV MM C,
492221,2026-01-31,13:00,R 4A AYWAILLE-HAMOIR,BC VERLAINE,U 14 - PROV MM C,(Hall de Hamoir)
492265,2026-03-01,15:00,BC VERLAINE,MAIL. COMBLAIN,U 14 - PROV MM C,
492272,2026-03-07,15:00,RABC ENSIVAL B,BC VERLAINE,U 14 - PROV MM C,
492305,2026-03-29,15:00,BC VERLAINE,UN HUY BASKET,U 14 - PROV MM C,
492324,2026-04-12,11:00,ROYAL BC WANZE,BC VERLAINE,U 14 - PROV MM C,
492331,2026-04-18,13:00,RBC BLEGNY B,BC VERLAINE,U 14 - PROV MM C,
551211,2026-01-24,9:00,ROYAL BC NINANE,BC VERLAINE B,U 7 - MM B,(Voie du Herdier Jupille)
551224,2026-01-31,11:00,BC VERLAINE B,BC SPRIMONT A,U 7 - MM B,
551194,2026-02-14,10:15,BC COINTE,BC VERLAINE B,U 7 - MM B,
551302,2026-02-21,11:00,PEPINSTER EAST BELG B,BC VERLAINE B,U 7 - MM B,
551274,2026-03-07,11:00,BC VERLAINE B,ROYAL HERVE-BATTICE B,U 7 - MM B,
551325,2026-04-11,11:30,R 4A AYWAILLE-HAMOIR B,BC VERLAINE B,U 7 - MM B,
551334,2026-04-18,11:00,BC VERLAINE B,R HT-PRE OUGREE,U 7 - MM B,
553216,2026-01-24,12:00,HANNUT BC,BC VERLAINE A,U 7 - MM D,
553225,2026-01-31,11:00,BC VERLAINE A,BC COINTE B,U 7 - MM D,
553232,2026-02-07,14:45,CONDROZ MODAVE BB,BC VERLAINE A,U 7 - MM D,
553195,2026-02-14,9:00,ABC WAREMME A,BC VERLAINE A,U 7 - MM D,
553266,2026-02-28,12:15,ALL. FLEMALLE A,BC VERLAINE A,U 7 - MM D,
553293,2026-03-22,15:00,RBC AWANS,BC VERLAINE A,U 7 - MM D,
553303,2026-03-28,9:00,ROYAL ANS BC,BC VERLAINE A,U 7 - MM D,
553325,2026-04-11,11:00,BC VERLAINE A,LA VILLERSOISE A,U 7 - MM D,
553335,2026-04-18,11:00,BC VERLAINE A,RBC ALLEUR,U 7 - MM D,
544221,2026-01-31,10:30,ALL. FLEMALLE B,BC VERLAINE A,U 8 - MM E,
544235,2026-02-07,10:45,BC VERLAINE A,BC CRISNEE B,U 8 - MM E,
544265,2026-02-28,9:15,BC VERLAINE A,ROYAL BC WANZE,U 8 - MM E,
544272,2026-03-07,11:45,BC SPRIMONT C,BC VERLAINE A,U 8 - MM E,
544295,2026-03-22,9:00,BC VERLAINE A,ROYAL ANS BC,U 8 - MM E,
544324,2026-04-11,9:00,RBC ESNEUX,BC VERLAINE A,U 8 - MM E,
544331,2026-04-18,9:00,ROYAL HERVE-BATTICE B,BC VERLAINE A,U 8 - MM E,
545215,2026-01-24,9:15,BC VERLAINE B,GIANTS BRAIVES,U 8 - MM F,
545221,2026-02-01,10:30,LA VILLERSOISE,BC VERLAINE B,U 8 - MM F,
545235,2026-02-07,9:15,BC VERLAINE B,BC CRISNEE A,U 8 - MM F,
545195,2026-02-14,9:15,BC VERLAINE B,R 4A AYWAILLE-HAMOIR A,U 8 - MM F,
545265,2026-02-28,9:15,BC VERLAINE B,ORP JAUCHE,U 8 - MM F,
545272,2026-03-07,13:15,CONDROZ MODAVE BB,BC VERLAINE B,U 8 - MM F,
545305,2026-03-28,9:15,BC VERLAINE B,RBC HANEFFE,U 8 - MM F,
545324,2026-04-11,13:30,RB TILFF A,BC VERLAINE B,U 8 - MM F,
