Code,Date,Heure,Équipe 1,Équipe 2,Catégorie,Autre
414221,2026-02-01,13:00,LA VILLERSOISE A,ABC WAREMME A,DD - DIVISION 2 A,
414246,2026-02-14,19:00,ATLAS A JUPILLE,LA VILLERSOISE A,DD - DIVISION 2 A,
414192,2026-02-22,17:00,LA VILLERSOISE A,RBC STAVELOT,DD - DIVISION 2 A,
414261,2026-03-01,17:00,LA VILLERSOISE A,RBC HANEFFE B,DD - DIVISION 2 A,
414297,2026-03-20,21:00,RBC BLEGNY B,LA VILLERSOISE A,DD - DIVISION 2 A,
414301,2026-03-29,14:00,LA VILLERSOISE A,ROYAL BC NINANE A,DD - DIVISION 2 A,
414312,2026-04-04,19:00,BC SPRIMONT B,LA VILLERSOISE A,DD - DIVISION 2 A,
414321,2026-04-12,17:00,LA VILLERSOISE A,COLLEGE S LOUIS,DD - DIVISION 2 A,
414335,2026-04-19,13:00,LA VILLERSOISE A,PRAYON TROOZ B,DD - DIVISION 2 A,
416225,2026-01-31,17:00,R 4A AYWAILLE-HAMOIR B,LA VILLERSOISE B,DD - DIVISION 3 A,
416191,2026-02-08,15:00,LA VILLERSOISE B,BCM HERSTAL,DD - DIVISION 3 A,
416267,2026-03-13,19:00,RBC BLEGNY C,LA VILLERSOISE B,DD - DIVISION 3 A,
416304,2026-03-29,16:30,CS OUTREMEUSE,LA VILLERSOISE B,DD - DIVISION 3 A,
416311,2026-04-05,15:00,LA VILLERSOISE B,ROYAL BC WANZE,DD - DIVISION 3 A,
416327,2026-04-11,21:00,ABC WAREMME C,LA VILLERSOISE B,DD - DIVISION 3 A,
416331,2026-04-19,15:00,LA VILLERSOISE B,CRISTAL SGH B,DD - DIVISION 3 A,
404225,2026-02-01,13:00,FLERON BBC B,LA VILLERSOISE A,MM - DIVISION 3 A,
404241,2026-02-15,17:00,LA VILLERSOISE A,R 4A AYWAILLE-HAMOIR C,MM - DIVISION 3 A,
404267,2026-02-28,21:00,HANNUT BC B,LA VILLERSOISE A,MM - DIVISION 3 A,
404271,2026-03-08,17:00,LA VILLERSOISE A,ROYALE US AWANS A,MM - DIVISION 3 A,
404191,2026-03-14,19:00,LA VILLERSOISE A,RJS GRIVEGNEE,MM - DIVISION 3 A,
404291,2026-03-22,17:00,LA VILLERSOISE A,ROYAL HERVE-BATTICE B,MM - DIVISION 3 A,
404304,2026-03-28,19:00,BC BELLEFLAMME E,LA VILLERSOISE A,MM - DIVISION 3 A,
404311,2026-04-05,17:00,LA VILLERSOISE A,ROYAL BC WANZE C,MM - DIVISION 3 A,
404327,2026-04-11,18:30,HENRI-CHAPELLE B,LA VILLERSOISE A,MM - DIVISION 3 A,
404331,2026-04-19,17:00,LA VILLERSOISE A,RB UNION LIEGE B,MM - DIVISION 3 A,
405221,2026-01-31,19:00,LA VILLERSOISE B,CRISTAL SGH C,MM - DIVISION 3 B,
405246,2026-02-15,13:00,ROYAL BC NINANE C,LA VILLERSOISE B,MM - DIVISION 3 B,(Vaux/Chèvremont)
405192,2026-02-21,17:00,BC SPRIMONT D,LA VILLERSOISE B,MM - DIVISION 3 B,
405261,2026-02-28,19:00,LA VILLERSOISE B,BC BELLEFLAMME D,MM - DIVISION 3 B,
405273,2026-03-05,21:00,BC OLNE,LA VILLERSOISE B,MM - DIVISION 3 B,
405312,2026-03-14,20:00,RABC ENSIVAL B,LA VILLERSOISE B,MM - DIVISION 3 B,
405297,2026-03-21,20:30,BCM HERSTAL A,LA VILLERSOISE B,MM - DIVISION 3 B,
405301,2026-03-28,21:00,LA VILLERSOISE B,RBC DISON-ANDRIMONT B,MM - DIVISION 3 B,
405321,2026-04-11,21:00,LA VILLERSOISE B,RBC BLEGNY B,MM - DIVISION 3 B,
405335,2026-04-18,19:00,R 4A AYWAILLE-HAMOIR A,LA VILLERSOISE B,MM - DIVISION 3 B,
407221,2026-01-31,21:00,LA VILLERSOISE C,BC VERLAINE,MM - DIVISION 4 A,
407246,2026-02-14,21:00,GIANTS BRAIVES A,LA VILLERSOISE C,MM - DIVISION 4 A,
407261,2026-02-28,21:00,LA VILLERSOISE C,RBC HANEFFE C,MM - DIVISION 4 A,
407273,2026-03-06,19:00,ETOILE JUPILLE B,LA VILLERSOISE C,MM - DIVISION 4 A,
407214,2026-03-14,21:00,RBC DISON-ANDRIMONT D,LA VILLERSOISE C,MM - DIVISION 4 A,
407297,2026-03-20,20:30,RBC ALLEUR D,LA VILLERSOISE C,MM - DIVISION 4 A,
407301,2026-03-28,19:00,LA VILLERSOISE C,ROYAL BC NINANE D,MM - DIVISION 4 A,
407312,2026-04-05,15:00,THEUX BC C,LA VILLERSOISE C,MM - DIVISION 4 A,
407321,2026-04-11,19:00,LA VILLERSOISE C,ORP JAUCHE A,MM - DIVISION 4 A,
407335,2026-04-19,13:30,ROYAL MOSA AC 1941 B,LA VILLERSOISE C,MM - DIVISION 4 A,
521236,2026-02-07,11:00,GIANTS BRAIVES A,LA VILLERSOISE A,U 10 - MM B,
521266,2026-02-28,11:00,LA VILLERSOISE A,ROYAL HERVE-BATTICE B,U 10 - MM B,
521226,2026-03-15,11:00,LA VILLERSOISE A,ETOILE JUPILLE,U 10 - MM B,
521301,2026-03-28,11:00,RBC BLEGNY B,LA VILLERSOISE A,U 10 - MM B,
521326,2026-04-12,11:00,LA VILLERSOISE A,RBC VISE A,U 10 - MM B,
522226,2026-01-31,10:30,LA VILLERSOISE B,ROYAL ANS BC A,U 10 - MM C,
522236,2026-02-08,10:30,ROYAL BC WANZE A,LA VILLERSOISE B,U 10 - MM C,
522292,2026-02-14,9:00,UN HUY BASKET A,LA VILLERSOISE B,U 10 - MM C,
522274,2026-03-07,10:30,RBC ESNEUX A,LA VILLERSOISE B,U 10 - MM C,
522301,2026-03-29,13:00,ALL. FLEMALLE B,LA VILLERSOISE B,U 10 - MM C,
522336,2026-04-18,10:30,LA VILLERSOISE B,COLLEGE S LOUIS A,U 10 - MM C,
529226,2026-02-01,10:30,LA VILLERSOISE C,RBC ESNEUX C,U 10 - MM J,
529236,2026-02-07,9:00,GIANTS BRAIVES B,LA VILLERSOISE C,U 10 - MM J,
529274,2026-03-07,9:00,BC COINTE C,LA VILLERSOISE C,U 10 - MM J,
529301,2026-03-28,14:45,RBC ALLEUR B,LA VILLERSOISE C,U 10 - MM J,
529336,2026-04-19,9:00,LA VILLERSOISE C,R REN. MONTEGNEE,U 10 - MM J,
AW401086,2026-01-31,14:15,R.B.C. BELGRADE,LA VILLERSOISE,U 12 - INTERPROVINCIAL,
AW401094,2026-02-08,9:00,LA VILLERSOISE,BC BELLEFLAMME,U 12 - INTERPROVINCIAL,
AW401112,2026-03-01,11:30,LA VILLERSOISE,REBOND OTTIGNIES,U 12 - INTERPROVINCIAL,
AW401120,2026-03-08,12:00,ROYAL NIVELLES,LA VILLERSOISE,U 12 - INTERPROVINCIAL,
AW401124,2026-03-15,9:00,LA VILLERSOISE,UCCLE EUROPE,U 12 - INTERPROVINCIAL,
AW401103,2026-03-22,9:00,COLLEGE S LOUIS,LA VILLERSOISE,U 12 - INTERPROVINCIAL,
AW401070,2026-03-28,13:00,LA VILLERSOISE,RBC VISE,U 12 - INTERPROVINCIAL,
AW401100,2026-04-11,17:00,LA VILLERSOISE,BC GENAPPE,U 12 - INTERPROVINCIAL,
AW401035,2026-04-25,13:30,BC GENAPPE,LA VILLERSOISE,U 12 - INTERPROVINCIAL,
501233,2026-02-08,9:00,RBC AWANS A,LA VILLERSOISE C,U 12 - MM B,
501194,2026-02-14,11:30,BC COINTE B,LA VILLERSOISE C,U 12 - MM B,
501263,2026-02-28,15:00,RSW LIEGE BASKET,LA VILLERSOISE C,U 12 - MM B,
501294,2026-03-21,9:00,LA VILLERSOISE C,ABC WAREMME A,U 12 - MM B,
501325,2026-04-11,13:00,R 4A AYWAILLE-HAMOIR,LA VILLERSOISE C,U 12 - MM B,
501334,2026-04-18,9:00,LA VILLERSOISE C,ROYAL BC NINANE A,U 12 - MM B,
503233,2026-02-07,13:00,ETOILE JUPILLE,LA VILLERSOISE B,U 12 - MM D,
503126,2026-02-14,15:00,GIANTS BRAIVES B,LA VILLERSOISE B,U 12 - MM D,
503263,2026-03-01,13:00,ALL. FLEMALLE A,LA VILLERSOISE B,U 12 - MM D,
503274,2026-03-07,10:30,LA VILLERSOISE B,CRISTAL SGH A,U 12 - MM D,
503302,2026-03-29,12:00,BC SPRIMONT A,LA VILLERSOISE B,U 12 - MM D,
503325,2026-04-12,13:00,ROYAL HERVE-BATTICE B,LA VILLERSOISE B,U 12 - MM D,
503334,2026-04-18,10:30,LA VILLERSOISE B,GIANTS BRAIVES B,U 12 - MM D,
AW182011,2026-02-08,17:45,CASTORS BRAINE,LA VILLERSOISE,U 14 - SILVER REGIONALES B,
AW182015,2026-02-28,13:00,LA VILLERSOISE,BC BONINNE,U 14 - SILVER REGIONALES B,
AW182028,2026-03-08,11:00,BC BONINNE,LA VILLERSOISE,U 14 - SILVER REGIONALES B,
AW182027,2026-03-15,15:00,LA VILLERSOISE,CASTORS BRAINE,U 14 - SILVER REGIONALES B,
AW182018,2026-04-11,13:00,LA VILLERSOISE,ABC WAREMME,U 14 - SILVER REGIONALES B,
AW182008,2026-04-18,13:30,BBC LIBRAMONT,LA VILLERSOISE,U 14 - SILVER REGIONALES B,
AW182019,2026-04-25,14:30,BC COLFONTAINE,LA VILLERSOISE,U 14 - SILVER REGIONALES B,
AW168005,2026-02-15,11:00,LA VILLERSOISE,J.S.SOIGNIES,U 14 - SILVER REGIONAUX F,
AW168010,2026-03-01,13:00,LA LOUVIERE AM,LA VILLERSOISE,U 14 - SILVER REGIONAUX F,
AW168030,2026-03-08,9:00,BCCA NEUFCHATEAU,LA VILLERSOISE,U 14 - SILVER REGIONAUX F,
AW168020,2026-03-21,16:00,J.S.SOIGNIES,LA VILLERSOISE,U 14 - SILVER REGIONAUX F,
AW168014,2026-03-28,11:00,LA VILLERSOISE,BCCA NEUFCHATEAU,U 14 - SILVER REGIONAUX F,
AW168024,2026-04-04,11:00,PDL CHARLEROI,LA VILLERSOISE,U 14 - SILVER REGIONAUX F,
AW168026,2026-04-05,13:00,LA VILLERSOISE,LA LOUVIERE AM,U 14 - SILVER REGIONAUX F,
AW168017,2026-04-12,11:00,LA VILLERSOISE,OLYMPIC MSM,U 14 - SILVER REGIONAUX F,
AW168008,2026-04-19,11:00,LA VILLERSOISE,PDL CHARLEROI,U 14 - SILVER REGIONAUX F,
INM1412BDE,2026-01-31,13:30,LIEGE PANTHERS,LA VILLERSOISE,U 14 DD - NATIONALES B,
INM1412BCE,2026-02-07,11:00,BERCHEM BBC,LA VILLERSOISE,U 14 DD - NATIONALES B,
INM1412BEA,2026-02-28,15:00,LA VILLERSOISE,KORTRIJK SPURS,U 14 DD - NATIONALES B,
INM1412BBE,2026-03-07,11:00,BC BONINNE,LA VILLERSOISE,U 14 DD - NATIONALES B,
INM1412BEF,2026-03-15,13:00,LA VILLERSOISE,BASKET WAREGEM,U 14 DD - NATIONALES B,
INM1412BED,2026-03-29,11:00,LA VILLERSOISE,LIEGE PANTHERS,U 14 DD - NATIONALES B,
INM1412BEC,2026-04-04,11:00,LA VILLERSOISE,BERCHEM BBC,U 14 DD - NATIONALES B,
INM1412BEB,2026-04-11,15:00,LA VILLERSOISE,BC BONINNE,U 14 DD - NATIONALES B,
INM1412BAE,2026-04-19,11:00,KORTRIJK SPURS,LA VILLERSOISE,U 14 DD - NATIONALES B,
591234,2026-02-07,9:00,LA VILLERSOISE,BCM HERSTAL,U 16 - DD B,
591194,2026-02-14,9:00,LA VILLERSOISE,PRAYON TROOZ,U 16 - DD B,
591264,2026-02-28,9:00,LA VILLERSOISE,RBC AWANS A,U 16 - DD B,
591276,2026-03-07,15:00,ORP JAUCHE,LA VILLERSOISE,U 16 - DD B,
591291,2026-03-21,15:00,ALL. FLEMALLE C,LA VILLERSOISE,U 16 - DD B,
591304,2026-03-28,9:00,LA VILLERSOISE,RBC VISE A,U 16 - DD B,
591324,2026-04-11,9:00,LA VILLERSOISE,ABC WAREMME,U 16 - DD B,
591336,2026-04-18,13:00,ROYAL BC NINANE,LA VILLERSOISE,U 16 - DD B,
451221,2026-01-31,12:30,LA VILLERSOISE B,R 4A AYWAILLE-HAMOIR,U 16 - ELITES MM B,
451231,2026-02-08,11:00,HARIMALIA BC A,LA VILLERSOISE B,U 16 - ELITES MM B,
451261,2026-03-01,13:30,LA VILLERSOISE B,BC SPRIMONT,U 16 - ELITES MM B,
451273,2026-03-07,13:00,RBC AWANS,LA VILLERSOISE B,U 16 - ELITES MM B,
451294,2026-03-22,10:00,RBC ESNEUX,LA VILLERSOISE B,U 16 - ELITES MM B,
451301,2026-04-05,11:00,LA VILLERSOISE B,COLLEGE S LOUIS A,U 16 - ELITES MM B,
451321,2026-04-11,11:00,LA VILLERSOISE B,ATLAS A JUPILLE A,U 16 - ELITES MM B,
451335,2026-04-18,15:30,BC VERVIERS A,LA VILLERSOISE B,U 16 - ELITES MM B,
AW176012,2026-02-08,15:00,EAST BELGIUM BCA,LA VILLERSOISE,U 16 - GOLD REGIONALES B,
AW176013,2026-02-14,11:00,LA VILLERSOISE,TOURNAI WAPITI,U 16 - GOLD REGIONALES B,
AW176029,2026-03-07,13:30,TOURNAI WAPITI,LA VILLERSOISE,U 16 - GOLD REGIONALES B,
AW176025,2026-03-14,10:30,LA VILLERSOISE,EAST BELGIUM BCA,U 16 - GOLD REGIONALES B,
AW176019,2026-03-21,11:00,LA VILLERSOISE,BBC LIBRAMONT,U 16 - GOLD REGIONALES B,
AW176017,2026-04-11,13:00,RCS NATOYE,LA VILLERSOISE,U 16 - GOLD REGIONALES B,
AW176007,2026-04-18,16:30,LA VILLERSOISE,BC BONINNE,U 16 - GOLD REGIONALES B,
AW157004,2026-01-31,14:30,LA VILLERSOISE,UBCF QUAREGNON,U 16 - SILVER REGIONAUX A,
AW157010,2026-02-08,13:00,LA VILLERSOISE,R.B.C. BELGRADE,U 16 - SILVER REGIONAUX A,
AW157015,2026-02-14,13:30,BBC LIBRAMONT,LA VILLERSOISE,U 16 - SILVER REGIONAUX A,
AW157028,2026-03-08,11:00,LA VILLERSOISE,BBC LIBRAMONT,U 16 - SILVER REGIONAUX A,
AW157026,2026-03-14,9:15,R.B.C. BELGRADE,LA VILLERSOISE,U 16 - SILVER REGIONAUX A,
AW157021,2026-03-21,13:00,UBCF QUAREGNON,LA VILLERSOISE,U 16 - SILVER REGIONAUX A,
AW157016,2026-04-12,13:00,LA VILLERSOISE,UNITED B WOLUWE,U 16 - SILVER REGIONAUX A,
AW157007,2026-04-18,11:15,BCCA NEUFCHATEAU,LA VILLERSOISE,U 16 - SILVER REGIONAUX A,
432231,2026-02-07,14:30,RBC ALLEUR A,LA VILLERSOISE,U 18 - ELITES MM C,
432192,2026-02-21,13:00,BC SPRIMONT,LA VILLERSOISE,U 18 - ELITES MM C,
432273,2026-03-07,11:00,RBC AWANS A,LA VILLERSOISE,U 18 - ELITES MM C,
432294,2026-03-21,9:00,RBC ESNEUX,LA VILLERSOISE,U 18 - ELITES MM C,
432301,2026-03-29,16:00,LA VILLERSOISE,ORP JAUCHE,U 18 - ELITES MM C,
432321,2026-04-12,15:00,LA VILLERSOISE,ROYAL BC NINANE A,U 18 - ELITES MM C,
432335,2026-04-18,13:00,ABC WAREMME A,LA VILLERSOISE,U 18 - ELITES MM C,
581223,2026-02-01,15:00,LA VILLERSOISE,ROYAL BC WANZE,U 19 - DD B,
581233,2026-02-07,11:00,LA VILLERSOISE,ROYAL HERVE-BATTICE,U 19 - DD B,
581194,2026-02-14,15:00,ROYAL HERVE-BATTICE,LA VILLERSOISE,U 19 - DD B,
581273,2026-03-07,17:00,LA VILLERSOISE,ABC WAREMME A,U 19 - DD B,
581293,2026-03-21,17:00,LA VILLERSOISE,RBC BLEGNY,U 19 - DD B,
581302,2026-03-29,17:00,RBC VISE,LA VILLERSOISE,U 19 - DD B,
581323,2026-04-11,15:00,ATLAS A JUPILLE,LA VILLERSOISE,U 19 - DD B,
AW170003,2026-02-01,17:00,LA VILLERSOISE,ROYAL NIVELLES,U 19 - GOLD REGIONALES A,
AW170012,2026-02-08,11:00,LA VILLERSOISE,RBC ALLEUR,U 19 - GOLD REGIONALES A,
AW170014,2026-02-14,15:00,RCS NATOYE,LA VILLERSOISE,U 19 - GOLD REGIONALES A,
AW170021,2026-03-01,9:30,LA VILLERSOISE,BC BONINNE,U 19 - GOLD REGIONALES A,
AW170023,2026-03-07,17:00,PEPINSTER EAST BELG,LA VILLERSOISE,U 19 - GOLD REGIONALES A,
AW170030,2026-03-08,15:00,LA VILLERSOISE,RCS NATOYE,U 19 - GOLD REGIONALES A,
AW170025,2026-03-14,12:15,RBC ALLEUR,LA VILLERSOISE,U 19 - GOLD REGIONALES A,
AW170004,2026-03-22,11:00,BC BONINNE,LA VILLERSOISE,U 19 - GOLD REGIONALES A,
AW170018,2026-04-12,13:00,ROYAL NIVELLES,LA VILLERSOISE,U 19 - GOLD REGIONALES A,
AW170009,2026-04-19,11:00,LA VILLERSOISE,PEPINSTER EAST BELG,U 19 - GOLD REGIONALES A,
552224,2026-01-31,9:00,LA VILLERSOISE B,BC SPRIMONT B,U 7 - MM C,
552233,2026-02-08,9:00,RBC VISE,LA VILLERSOISE B,U 7 - MM C,
552263,2026-02-28,10:00,VAIL. JUPILLE,LA VILLERSOISE B,U 7 - MM C,
552274,2026-03-07,9:00,LA VILLERSOISE B,GIANTS BRAIVES,U 7 - MM C,
552294,2026-03-21,9:00,LA VILLERSOISE B,HARIMALIA BC,U 7 - MM C,
552302,2026-03-28,11:00,PEPINSTER EAST BELG C,LA VILLERSOISE B,U 7 - MM C,
552325,2026-04-11,9:30,CRISTAL SGH A,LA VILLERSOISE B,U 7 - MM C,
552334,2026-04-18,9:00,LA VILLERSOISE B,ROYAL BC WANZE,U 7 - MM C,
553224,2026-01-31,9:00,LA VILLERSOISE A,CONDROZ MODAVE BB,U 7 - MM D,
553233,2026-02-08,15:00,RBC AWANS,LA VILLERSOISE A,U 7 - MM D,
553194,2026-02-14,9:00,UN HUY BASKET,LA VILLERSOISE A,U 7 - MM D,
553263,2026-02-28,9:00,ROYAL ANS BC,LA VILLERSOISE A,U 7 - MM D,
553274,2026-03-07,9:00,LA VILLERSOISE A,ALL. FLEMALLE A,U 7 - MM D,
553294,2026-03-14,10:30,RBC ALLEUR,LA VILLERSOISE A,U 7 - MM D,
553325,2026-04-11,11:00,BC VERLAINE A,LA VILLERSOISE A,U 7 - MM D,
553334,2026-04-18,9:00,LA VILLERSOISE A,HANNUT BC,U 7 - MM D,
545221,2026-02-01,10:30,LA VILLERSOISE,BC VERLAINE B,U 8 - MM F,
545192,2026-02-14,9:30,BC CRISNEE A,LA VILLERSOISE,U 8 - MM F,
545261,2026-03-01,15:30,LA VILLERSOISE,CONDROZ MODAVE BB,U 8 - MM F,
545273,2026-03-07,11:00,RBC HANEFFE,LA VILLERSOISE,U 8 - MM F,
545335,2026-03-14,10:15,R 4A AYWAILLE-HAMOIR A,LA VILLERSOISE,U 8 - MM F,
545294,2026-03-21,9:00,UN HUY BASKET,LA VILLERSOISE,U 8 - MM F,
545301,2026-03-29,9:30,LA VILLERSOISE,GIANTS BRAIVES,U 8 - MM F,
545321,2026-04-12,9:00,LA VILLERSOISE,ORP JAUCHE,U 8 - MM F,
