{
  "club": {
    "id": "1377",
    "name": "1377 HENRI CHAPELLE",
    "slug": "1377-henri-chapelle"
  },
  "events": [
    {
      "code": "413076",
      "date": "2026-02-19",
      "time": "21:00",
      "team1": "HENRI-CHAPELLE",
      "team2": "PEPINSTER EAST BELG B",
      "category": "DD - DIVISION 1",
      "location": "HENRI-CHAPELLE",
      "other": ""
    },
    {
      "code": "413016",
      "date": "2026-02-22",
      "time": "11:00",
      "team1": "HENRI-CHAPELLE",
      "team2": "RBC CROATIA OUPEYE",
      "category": "DD - DIVISION 1",
      "location": "HENRI-CHAPELLE",
      "other": ""
    },
    {
      "code": "413116",
      "date": "2026-03-01",
      "time": "11:00",
      "team1": "HENRI-CHAPELLE",
      "team2": "RBC ALLEUR C",
      "category": "DD - DIVISION 1",
      "location": "HENRI-CHAPELLE",
      "other": ""
    },
    {
      "code": "413276",
      "date": "2026-03-07",
      "time": "19:00",
      "team1": "HANNUT BC",
      "team2": "HENRI-CHAPELLE",
      "category": "DD - DIVISION 1",
      "location": "HANNUT BC",
      "other": ""
    },
    {
      "code": "413296",
      "date": "2026-03-22",
      "time": "14:00",
      "team1": "RBC ESNEUX B",
      "team2": "HENRI-CHAPELLE",
      "category": "DD - DIVISION 1",
      "location": "RBC ESNEUX B",
      "other": ""
    },
    {
      "code": "413306",
      "date": "2026-03-29",
      "time": "15:00",
      "team1": "HENRI-CHAPELLE",
      "team2": "RBC BLEGNY A",
      "category": "DD - DIVISION 1",
      "location": "HENRI-CHAPELLE",
      "other": ""
    },
    {
      "code": "413126",
      "date": "2026-04-05",
      "time": "11:00",
      "team1": "HENRI-CHAPELLE",
      "team2": "ROYAL HERVE-BATTICE C",
      "category": "DD - DIVISION 1",
      "location": "HENRI-CHAPELLE",
      "other": ""
    },
    {
      "code": "413152",
      "date": "2026-04-12",
      "time": "15:00",
      "team1": "BC SPRIMONT A",
      "team2": "HENRI-CHAPELLE",
      "category": "DD - DIVISION 1",
      "location": "BC SPRIMONT A",
      "other": ""
    },
    {
      "code": "413333",
      "date": "2026-04-18",
      "time": "18:00",
      "team1": "R.UN.BELLAIRE A",
      "team2": "HENRI-CHAPELLE",
      "category": "DD - DIVISION 1",
      "location": "R.UN.BELLAIRE A",
      "other": ""
    },
    {
      "code": "415265",
      "date": "2026-02-28",
      "time": "20:45",
      "team1": "BC VERLAINE A",
      "team2": "HENRI-CHAPELLE B",
      "category": "DD - DIVISION 2 B",
      "location": "BC VERLAINE A",
      "other": ""
    },
    {
      "code": "415276",
      "date": "2026-03-08",
      "time": "11:00",
      "team1": "HENRI-CHAPELLE B",
      "team2": "RBC ALLEUR D",
      "category": "DD - DIVISION 2 B",
      "location": "HENRI-CHAPELLE B",
      "other": ""
    },
    {
      "code": "415311",
      "date": "2026-03-14",
      "time": "19:00",
      "team1": "RBC VISE A",
      "team2": "HENRI-CHAPELLE B",
      "category": "DD - DIVISION 2 B",
      "location": "RBC VISE A",
      "other": ""
    },
    {
      "code": "415296",
      "date": "2026-03-22",
      "time": "11:00",
      "team1": "HENRI-CHAPELLE B",
      "team2": "R 4A AYWAILLE-HAMOIR A",
      "category": "DD - DIVISION 2 B",
      "location": "HENRI-CHAPELLE B",
      "other": ""
    },
    {
      "code": "415306",
      "date": "2026-03-29",
      "time": "11:00",
      "team1": "HENRI-CHAPELLE B",
      "team2": "ABC WAREMME B",
      "category": "DD - DIVISION 2 B",
      "location": "HENRI-CHAPELLE B",
      "other": ""
    },
    {
      "code": "415326",
      "date": "2026-04-12",
      "time": "11:00",
      "team1": "HENRI-CHAPELLE B",
      "team2": "AVENIR JUPILLE B",
      "category": "DD - DIVISION 2 B",
      "location": "HENRI-CHAPELLE B",
      "other": ""
    },
    {
      "code": "415333",
      "date": "2026-04-19",
      "time": "13:00",
      "team1": "ROYAL ANS BC",
      "team2": "HENRI-CHAPELLE B",
      "category": "DD - DIVISION 2 B",
      "location": "ROYAL ANS BC",
      "other": ""
    },
    {
      "code": "418267",
      "date": "2026-02-28",
      "time": "18:30",
      "team1": "HENRI-CHAPELLE C",
      "team2": "RBC WELKENRAEDT",
      "category": "DD - DIVISION 3 C",
      "location": "HENRI-CHAPELLE C",
      "other": ""
    },
    {
      "code": "418276",
      "date": "2026-03-08",
      "time": "12:00",
      "team1": "MAIL. COMBLAIN",
      "team2": "HENRI-CHAPELLE C",
      "category": "DD - DIVISION 3 C",
      "location": "MAIL. COMBLAIN",
      "other": ""
    },
    {
      "code": "418294",
      "date": "2026-03-22",
      "time": "12:00",
      "team1": "PRAYON TROOZ C",
      "team2": "HENRI-CHAPELLE C",
      "category": "DD - DIVISION 3 C",
      "location": "PRAYON TROOZ C",
      "other": ""
    },
    {
      "code": "418307",
      "date": "2026-03-28",
      "time": "18:30",
      "team1": "HENRI-CHAPELLE C",
      "team2": "DF BC MALMEDY",
      "category": "DD - DIVISION 3 C",
      "location": "HENRI-CHAPELLE C",
      "other": ""
    },
    {
      "code": "418316",
      "date": "2026-04-04",
      "time": "17:00",
      "team1": "RBC DISON-ANDRIMONT B",
      "team2": "HENRI-CHAPELLE C",
      "category": "DD - DIVISION 3 C",
      "location": "RBC DISON-ANDRIMONT B",
      "other": ""
    },
    {
      "code": "418321",
      "date": "2026-04-12",
      "time": "12:00",
      "team1": "ROYAL SPA BC B",
      "team2": "HENRI-CHAPELLE C",
      "category": "DD - DIVISION 3 C",
      "location": "ROYAL SPA BC B",
      "other": ""
    },
    {
      "code": "418111",
      "date": "2026-04-18",
      "time": "17:00",
      "team1": "RBC WELKENRAEDT",
      "team2": "HENRI-CHAPELLE C",
      "category": "DD - DIVISION 3 C",
      "location": "RBC WELKENRAEDT",
      "other": ""
    },
    {
      "code": "401264",
      "date": "2026-02-21",
      "time": "21:00",
      "team1": "BC COINTE B",
      "team2": "HENRI-CHAPELLE A",
      "category": "MM - DIVISION 1",
      "location": "BC COINTE B",
      "other": ""
    },
    {
      "code": "401277",
      "date": "2026-03-07",
      "time": "20:30",
      "team1": "HENRI-CHAPELLE A",
      "team2": "RB UNION LIEGE A",
      "category": "MM - DIVISION 1",
      "location": "HENRI-CHAPELLE A",
      "other": ""
    },
    {
      "code": "401197",
      "date": "2026-03-12",
      "time": "21:00",
      "team1": "HENRI-CHAPELLE A",
      "team2": "ETOILE JUPILLE A",
      "category": "MM - DIVISION 1",
      "location": "HENRI-CHAPELLE A",
      "other": ""
    },
    {
      "code": "401035",
      "date": "2026-03-17",
      "time": "20:00",
      "team1": "CRISTAL SGH A",
      "team2": "HENRI-CHAPELLE A",
      "category": "MM - DIVISION 1",
      "location": "CRISTAL SGH A",
      "other": ""
    },
    {
      "code": "401297",
      "date": "2026-03-21",
      "time": "20:30",
      "team1": "HENRI-CHAPELLE A",
      "team2": "ALL. FLEMALLE A",
      "category": "MM - DIVISION 1",
      "location": "HENRI-CHAPELLE A",
      "other": ""
    },
    {
      "code": "401317",
      "date": "2026-04-05",
      "time": "13:00",
      "team1": "HENRI-CHAPELLE A",
      "team2": "RABC ENSIVAL A",
      "category": "MM - DIVISION 1",
      "location": "HENRI-CHAPELLE A",
      "other": ""
    },
    {
      "code": "401327",
      "date": "2026-04-11",
      "time": "20:30",
      "team1": "HENRI-CHAPELLE A",
      "team2": "HARIMALIA BC A",
      "category": "MM - DIVISION 1",
      "location": "HENRI-CHAPELLE A",
      "other": ""
    },
    {
      "code": "401334",
      "date": "2026-04-18",
      "time": "21:00",
      "team1": "RBC HANEFFE A",
      "team2": "HENRI-CHAPELLE A",
      "category": "MM - DIVISION 1",
      "location": "RBC HANEFFE A",
      "other": ""
    },
    {
      "code": "404264",
      "date": "2026-03-01",
      "time": "13:00",
      "team1": "BC BELLEFLAMME E",
      "team2": "HENRI-CHAPELLE B",
      "category": "MM - DIVISION 3 A",
      "location": "BC BELLEFLAMME E",
      "other": ""
    },
    {
      "code": "404277",
      "date": "2026-03-07",
      "time": "18:30",
      "team1": "HENRI-CHAPELLE B",
      "team2": "RB UNION LIEGE B",
      "category": "MM - DIVISION 3 A",
      "location": "HENRI-CHAPELLE B",
      "other": ""
    },
    {
      "code": "404197",
      "date": "2026-03-14",
      "time": "18:30",
      "team1": "HENRI-CHAPELLE B",
      "team2": "AVENIR JUPILLE A",
      "category": "MM - DIVISION 3 A",
      "location": "HENRI-CHAPELLE B",
      "other": ""
    },
    {
      "code": "404297",
      "date": "2026-03-21",
      "time": "18:30",
      "team1": "HENRI-CHAPELLE B",
      "team2": "ALL. FLEMALLE B",
      "category": "MM - DIVISION 3 A",
      "location": "HENRI-CHAPELLE B",
      "other": ""
    },
    {
      "code": "404306",
      "date": "2026-03-29",
      "time": "15:00",
      "team1": "ROYAL BC WANZE C",
      "team2": "HENRI-CHAPELLE B",
      "category": "MM - DIVISION 3 A",
      "location": "ROYAL BC WANZE C",
      "other": ""
    },
    {
      "code": "404317",
      "date": "2026-04-04",
      "time": "18:30",
      "team1": "HENRI-CHAPELLE B",
      "team2": "ROYAL HERVE-BATTICE B",
      "category": "MM - DIVISION 3 A",
      "location": "HENRI-CHAPELLE B",
      "other": ""
    },
    {
      "code": "404327",
      "date": "2026-04-11",
      "time": "18:30",
      "team1": "HENRI-CHAPELLE B",
      "team2": "LA VILLERSOISE A",
      "category": "MM - DIVISION 3 A",
      "location": "HENRI-CHAPELLE B",
      "other": ""
    },
    {
      "code": "404334",
      "date": "2026-04-18",
      "time": "19:00",
      "team1": "RB TILFF C",
      "team2": "HENRI-CHAPELLE B",
      "category": "MM - DIVISION 3 A",
      "location": "RB TILFF C",
      "other": ""
    },
    {
      "code": "411264",
      "date": "2026-03-01",
      "time": "15:00",
      "team1": "BC REVEIL B",
      "team2": "HENRI-CHAPELLE C",
      "category": "MM - DIVISION 4 E",
      "location": "BC REVEIL B",
      "other": ""
    },
    {
      "code": "411277",
      "date": "2026-03-07",
      "time": "18:30",
      "team1": "HENRI-CHAPELLE C",
      "team2": "R 4A AYWAILLE-HAMOIR D",
      "category": "MM - DIVISION 4 E",
      "location": "HENRI-CHAPELLE C",
      "other": ""
    },
    {
      "code": "411197",
      "date": "2026-03-14",
      "time": "18:30",
      "team1": "HENRI-CHAPELLE C",
      "team2": "AVENIR JUPILLE B",
      "category": "MM - DIVISION 4 E",
      "location": "HENRI-CHAPELLE C",
      "other": ""
    },
    {
      "code": "411297",
      "date": "2026-03-21",
      "time": "18:30",
      "team1": "HENRI-CHAPELLE C",
      "team2": "ROYAL SPA BC E",
      "category": "MM - DIVISION 4 E",
      "location": "HENRI-CHAPELLE C",
      "other": ""
    },
    {
      "code": "411306",
      "date": "2026-03-28",
      "time": "18:00",
      "team1": "MAIL. COMBLAIN C",
      "team2": "HENRI-CHAPELLE C",
      "category": "MM - DIVISION 4 E",
      "location": "MAIL. COMBLAIN C",
      "other": ""
    },
    {
      "code": "411317",
      "date": "2026-04-04",
      "time": "18:30",
      "team1": "HENRI-CHAPELLE C",
      "team2": "RBC STAVELOT C",
      "category": "MM - DIVISION 4 E",
      "location": "HENRI-CHAPELLE C",
      "other": ""
    },
    {
      "code": "411334",
      "date": "2026-04-18",
      "time": "17:00",
      "team1": "RB TILFF E",
      "team2": "HENRI-CHAPELLE C",
      "category": "MM - DIVISION 4 E",
      "location": "RB TILFF E",
      "other": ""
    },
    {
      "code": "520266",
      "date": "2026-03-01",
      "time": "11:00",
      "team1": "HENRI-CHAPELLE A",
      "team2": "FLERON BBC",
      "category": "U 10 - MM A",
      "location": "HENRI-CHAPELLE A",
      "other": ""
    },
    {
      "code": "520292",
      "date": "2026-03-08",
      "time": "11:00",
      "team1": "PEPINSTER EAST BELG D",
      "team2": "HENRI-CHAPELLE A",
      "category": "U 10 - MM A",
      "location": "PEPINSTER EAST BELG D",
      "other": ""
    },
    {
      "code": "520301",
      "date": "2026-03-29",
      "time": "11:00",
      "team1": "ROYAL SPA BC C",
      "team2": "HENRI-CHAPELLE A",
      "category": "U 10 - MM A",
      "location": "ROYAL SPA BC C",
      "other": ""
    },
    {
      "code": "520326",
      "date": "2026-04-12",
      "time": "11:00",
      "team1": "HENRI-CHAPELLE A",
      "team2": "ROYAL HERVE-BATTICE A",
      "category": "U 10 - MM A",
      "location": "HENRI-CHAPELLE A",
      "other": ""
    },
    {
      "code": "524265",
      "date": "2026-02-28",
      "time": "11:00",
      "team1": "CRISTAL SGH B",
      "team2": "HENRI-CHAPELLE B",
      "category": "U 10 - MM E",
      "location": "CRISTAL SGH B",
      "other": ""
    },
    {
      "code": "524202",
      "date": "2026-03-14",
      "time": "9:00",
      "team1": "THEUX BC B",
      "team2": "HENRI-CHAPELLE B",
      "category": "U 10 - MM E",
      "location": "THEUX BC B",
      "other": ""
    },
    {
      "code": "524296",
      "date": "2026-03-21",
      "time": "10:30",
      "team1": "HENRI-CHAPELLE B",
      "team2": "RBC STAVELOT B",
      "category": "U 10 - MM E",
      "location": "HENRI-CHAPELLE B",
      "other": ""
    },
    {
      "code": "524306",
      "date": "2026-03-29",
      "time": "11:00",
      "team1": "HENRI-CHAPELLE B",
      "team2": "ROYAL HERVE-BATTICE D",
      "category": "U 10 - MM E",
      "location": "HENRI-CHAPELLE B",
      "other": ""
    },
    {
      "code": "524236",
      "date": "2026-04-04",
      "time": "10:30",
      "team1": "HENRI-CHAPELLE B",
      "team2": "BBC EUPEN",
      "category": "U 10 - MM E",
      "location": "HENRI-CHAPELLE B",
      "other": ""
    },
    {
      "code": "524334",
      "date": "2026-04-19",
      "time": "15:30",
      "team1": "BC SANKT VITH",
      "team2": "HENRI-CHAPELLE B",
      "category": "U 10 - MM E",
      "location": "BC SANKT VITH",
      "other": ""
    },
    {
      "code": "500264",
      "date": "2026-02-21",
      "time": "11:30",
      "team1": "BC COINTE A",
      "team2": "HENRI-CHAPELLE A",
      "category": "U 12 - MM A",
      "location": "BC COINTE A",
      "other": ""
    },
    {
      "code": "500226",
      "date": "2026-03-15",
      "time": "10:00",
      "team1": "RBC AUBEL",
      "team2": "HENRI-CHAPELLE A",
      "category": "U 12 - MM A",
      "location": "RBC AUBEL",
      "other": ""
    },
    {
      "code": "500293",
      "date": "2026-03-21",
      "time": "14:30",
      "team1": "HENRI-CHAPELLE A",
      "team2": "ROYAL MOSA AC 1941 A",
      "category": "U 12 - MM A",
      "location": "HENRI-CHAPELLE A",
      "other": ""
    },
    {
      "code": "500305",
      "date": "2026-03-29",
      "time": "13:00",
      "team1": "ROYAL HERVE-BATTICE A",
      "team2": "HENRI-CHAPELLE A",
      "category": "U 12 - MM A",
      "location": "ROYAL HERVE-BATTICE A",
      "other": ""
    },
    {
      "code": "500323",
      "date": "2026-04-12",
      "time": "9:00",
      "team1": "RBC VISE A",
      "team2": "HENRI-CHAPELLE A",
      "category": "U 12 - MM A",
      "location": "RBC VISE A",
      "other": ""
    },
    {
      "code": "505261",
      "date": "2026-03-01",
      "time": "9:00",
      "team1": "HENRI-CHAPELLE B",
      "team2": "PEPINSTER EAST BELG A",
      "category": "U 12 - MM F",
      "location": "HENRI-CHAPELLE B",
      "other": ""
    },
    {
      "code": "505294",
      "date": "2026-03-22",
      "time": "10:30",
      "team1": "PRAYON TROOZ B",
      "team2": "HENRI-CHAPELLE B",
      "category": "U 12 - MM F",
      "location": "PRAYON TROOZ B",
      "other": ""
    },
    {
      "code": "505301",
      "date": "2026-03-29",
      "time": "9:00",
      "team1": "HENRI-CHAPELLE B",
      "team2": "R HT-PRE OUGREE B",
      "category": "U 12 - MM F",
      "location": "HENRI-CHAPELLE B",
      "other": ""
    },
    {
      "code": "505273",
      "date": "2026-04-04",
      "time": "10:30",
      "team1": "BCM HERSTAL A",
      "team2": "HENRI-CHAPELLE B",
      "category": "U 12 - MM F",
      "location": "BCM HERSTAL A",
      "other": ""
    },
    {
      "code": "505335",
      "date": "2026-04-19",
      "time": "12:00",
      "team1": "RBC DISON-ANDRIMONT B",
      "team2": "HENRI-CHAPELLE B",
      "category": "U 12 - MM F",
      "location": "RBC DISON-ANDRIMONT B",
      "other": ""
    },
    {
      "code": "506261",
      "date": "2026-02-28",
      "time": "16:30",
      "team1": "HENRI-CHAPELLE C",
      "team2": "PEPINSTER EAST BELG B",
      "category": "U 12 - MM G",
      "location": "HENRI-CHAPELLE C",
      "other": ""
    },
    {
      "code": "506294",
      "date": "2026-03-21",
      "time": "11:15",
      "team1": "COLLEGE S LOUIS B",
      "team2": "HENRI-CHAPELLE C",
      "category": "U 12 - MM G",
      "location": "COLLEGE S LOUIS B",
      "other": ""
    },
    {
      "code": "506301",
      "date": "2026-03-28",
      "time": "16:30",
      "team1": "HENRI-CHAPELLE C",
      "team2": "R 4A AYWAILLE-HAMOIR B",
      "category": "U 12 - MM G",
      "location": "HENRI-CHAPELLE C",
      "other": ""
    },
    {
      "code": "506273",
      "date": "2026-04-04",
      "time": "10:30",
      "team1": "BCM HERSTAL B",
      "team2": "HENRI-CHAPELLE C",
      "category": "U 12 - MM G",
      "location": "BCM HERSTAL B",
      "other": ""
    },
    {
      "code": "506321",
      "date": "2026-04-11",
      "time": "16:30",
      "team1": "HENRI-CHAPELLE C",
      "team2": "MAIL. COMBLAIN",
      "category": "U 12 - MM G",
      "location": "HENRI-CHAPELLE C",
      "other": ""
    },
    {
      "code": "506335",
      "date": "2026-04-18",
      "time": "17:00",
      "team1": "ROYAL HERVE-BATTICE D",
      "team2": "HENRI-CHAPELLE C",
      "category": "U 12 - MM G",
      "location": "ROYAL HERVE-BATTICE D",
      "other": ""
    },
    {
      "code": "600215",
      "date": "2026-02-21",
      "time": "9:00",
      "team1": "RBC DISON-ANDRIMONT",
      "team2": "HENRI-CHAPELLE",
      "category": "U 14 - DD A",
      "location": "RBC DISON-ANDRIMONT",
      "other": ""
    },
    {
      "code": "600266",
      "date": "2026-03-01",
      "time": "13:00",
      "team1": "HENRI-CHAPELLE",
      "team2": "CRISTAL SGH",
      "category": "U 14 - DD A",
      "location": "HENRI-CHAPELLE",
      "other": ""
    },
    {
      "code": "600292",
      "date": "2026-03-22",
      "time": "10:45",
      "team1": "RJS GRIVEGNEE",
      "team2": "HENRI-CHAPELLE",
      "category": "U 14 - DD A",
      "location": "RJS GRIVEGNEE",
      "other": ""
    },
    {
      "code": "600301",
      "date": "2026-03-28",
      "time": "17:00",
      "team1": "RBC BLEGNY",
      "team2": "HENRI-CHAPELLE",
      "category": "U 14 - DD A",
      "location": "RBC BLEGNY",
      "other": ""
    },
    {
      "code": "600236",
      "date": "2026-04-05",
      "time": "14:00",
      "team1": "BCM HERSTAL",
      "team2": "HENRI-CHAPELLE",
      "category": "U 14 - DD A",
      "location": "BCM HERSTAL",
      "other": ""
    },
    {
      "code": "600326",
      "date": "2026-04-11",
      "time": "10:30",
      "team1": "HENRI-CHAPELLE",
      "team2": "ROYAL HERVE-BATTICE",
      "category": "U 14 - DD A",
      "location": "HENRI-CHAPELLE",
      "other": ""
    },
    {
      "code": "600336",
      "date": "2026-04-18",
      "time": "10:30",
      "team1": "HENRI-CHAPELLE",
      "team2": "PRAYON TROOZ",
      "category": "U 14 - DD A",
      "location": "HENRI-CHAPELLE",
      "other": ""
    },
    {
      "code": "480276",
      "date": "2026-03-07",
      "time": "10:30",
      "team1": "HENRI-CHAPELLE",
      "team2": "COLLEGE S LOUIS A",
      "category": "U 14 - ELITES MM A",
      "location": "HENRI-CHAPELLE",
      "other": ""
    },
    {
      "code": "480196",
      "date": "2026-03-14",
      "time": "10:30",
      "team1": "HENRI-CHAPELLE",
      "team2": "ETOILE JUPILLE",
      "category": "U 14 - ELITES MM A",
      "location": "HENRI-CHAPELLE",
      "other": ""
    },
    {
      "code": "480306",
      "date": "2026-03-28",
      "time": "10:30",
      "team1": "HENRI-CHAPELLE",
      "team2": "RBC VISE A",
      "category": "U 14 - ELITES MM A",
      "location": "HENRI-CHAPELLE",
      "other": ""
    },
    {
      "code": "480321",
      "date": "2026-04-11",
      "time": "15:45",
      "team1": "ALL. FLEMALLE A",
      "team2": "HENRI-CHAPELLE",
      "category": "U 14 - ELITES MM A",
      "location": "ALL. FLEMALLE A",
      "other": ""
    },
    {
      "code": "480334",
      "date": "2026-04-18",
      "time": "13:00",
      "team1": "RB TILFF A",
      "team2": "HENRI-CHAPELLE",
      "category": "U 14 - ELITES MM A",
      "location": "RB TILFF A",
      "other": ""
    },
    {
      "code": "450265",
      "date": "2026-03-01",
      "time": "11:30",
      "team1": "ROYAL MOSA AC 1941",
      "team2": "HENRI-CHAPELLE",
      "category": "U 16 - ELITES MM A",
      "location": "ROYAL MOSA AC 1941",
      "other": ""
    },
    {
      "code": "450236",
      "date": "2026-03-07",
      "time": "12:30",
      "team1": "HENRI-CHAPELLE",
      "team2": "GIANTS BRAIVES A",
      "category": "U 16 - ELITES MM A",
      "location": "HENRI-CHAPELLE",
      "other": ""
    },
    {
      "code": "450196",
      "date": "2026-03-14",
      "time": "12:30",
      "team1": "HENRI-CHAPELLE",
      "team2": "BC VERVIERS B",
      "category": "U 16 - ELITES MM A",
      "location": "HENRI-CHAPELLE",
      "other": ""
    },
    {
      "code": "450116",
      "date": "2026-04-04",
      "time": "14:30",
      "team1": "HENRI-CHAPELLE",
      "team2": "ROYAL MOSA AC 1941",
      "category": "U 16 - ELITES MM A",
      "location": "HENRI-CHAPELLE",
      "other": ""
    },
    {
      "code": "450321",
      "date": "2026-04-11",
      "time": "13:00",
      "team1": "ABC WAREMME A",
      "team2": "HENRI-CHAPELLE",
      "category": "U 16 - ELITES MM A",
      "location": "ABC WAREMME A",
      "other": ""
    },
    {
      "code": "AW172028",
      "date": "2026-03-08",
      "time": "13:00",
      "team1": "ATLAS BRUSSELS",
      "team2": "HENRI-CHAPELLE",
      "category": "U 19 - SILVER REGIONALES A",
      "location": "ATLAS BRUSSELS",
      "other": ""
    },
    {
      "code": "AW172027",
      "date": "2026-03-14",
      "time": "14:30",
      "team1": "HENRI-CHAPELLE",
      "team2": "PRAYON TROOZ",
      "category": "U 19 - SILVER REGIONALES A",
      "location": "HENRI-CHAPELLE",
      "other": ""
    },
    {
      "code": "AW172019",
      "date": "2026-03-21",
      "time": "15:15",
      "team1": "NAMUR CAPITALE",
      "team2": "HENRI-CHAPELLE",
      "category": "U 19 - SILVER REGIONALES A",
      "location": "NAMUR CAPITALE",
      "other": ""
    },
    {
      "code": "AW172011",
      "date": "2026-03-28",
      "time": "16:30",
      "team1": "PRAYON TROOZ",
      "team2": "HENRI-CHAPELLE",
      "category": "U 19 - SILVER REGIONALES A",
      "location": "PRAYON TROOZ",
      "other": ""
    },
    {
      "code": "AW172006",
      "date": "2026-04-04",
      "time": "12:30",
      "team1": "HENRI-CHAPELLE",
      "team2": "NAMUR CAPITALE",
      "category": "U 19 - SILVER REGIONALES A",
      "location": "HENRI-CHAPELLE",
      "other": ""
    },
    {
      "code": "AW172018",
      "date": "2026-04-11",
      "time": "12:30",
      "team1": "HENRI-CHAPELLE",
      "team2": "BCCA NEUFCHATEAU",
      "category": "U 19 - SILVER REGIONALES A",
      "location": "HENRI-CHAPELLE",
      "other": ""
    },
    {
      "code": "420321",
      "date": "2026-02-28",
      "time": "17:00",
      "team1": "BBC EUPEN",
      "team2": "HENRI-CHAPELLE",
      "category": "U 21 - MM A",
      "location": "BBC EUPEN",
      "other": ""
    },
    {
      "code": "420304",
      "date": "2026-03-29",
      "time": "11:00",
      "team1": "BC BELLEFLAMME",
      "team2": "HENRI-CHAPELLE",
      "category": "U 21 - MM A",
      "location": "BC BELLEFLAMME",
      "other": ""
    },
    {
      "code": "420331",
      "date": "2026-04-19",
      "time": "11:00",
      "team1": "HENRI-CHAPELLE",
      "team2": "HARIMALIA BC",
      "category": "U 21 - MM A",
      "location": "HENRI-CHAPELLE",
      "other": ""
    },
    {
      "code": "550265",
      "date": "2026-03-01",
      "time": "9:30",
      "team1": "RB TILFF A",
      "team2": "HENRI-CHAPELLE",
      "category": "U 7 - MM A",
      "location": "RB TILFF A",
      "other": ""
    },
    {
      "code": "550276",
      "date": "2026-03-08",
      "time": "9:00",
      "team1": "HENRI-CHAPELLE",
      "team2": "RBC ESNEUX",
      "category": "U 7 - MM A",
      "location": "HENRI-CHAPELLE",
      "other": ""
    },
    {
      "code": "550296",
      "date": "2026-03-22",
      "time": "9:00",
      "team1": "HENRI-CHAPELLE",
      "team2": "PEPINSTER EAST BELG A",
      "category": "U 7 - MM A",
      "location": "HENRI-CHAPELLE",
      "other": ""
    },
    {
      "code": "550306",
      "date": "2026-03-29",
      "time": "9:00",
      "team1": "HENRI-CHAPELLE",
      "team2": "ROYAL SPA BC",
      "category": "U 7 - MM A",
      "location": "HENRI-CHAPELLE",
      "other": ""
    },
    {
      "code": "550321",
      "date": "2026-04-11",
      "time": "9:00",
      "team1": "ROYAL HERVE-BATTICE A",
      "team2": "HENRI-CHAPELLE",
      "category": "U 7 - MM A",
      "location": "ROYAL HERVE-BATTICE A",
      "other": ""
    },
    {
      "code": "550334",
      "date": "2026-04-18",
      "time": "9:00",
      "team1": "BC BELLEFLAMME",
      "team2": "HENRI-CHAPELLE",
      "category": "U 7 - MM A",
      "location": "BC BELLEFLAMME",
      "other": ""
    },
    {
      "code": "542262",
      "date": "2026-02-28",
      "time": "11:00",
      "team1": "PEPINSTER EAST BELG B",
      "team2": "HENRI-CHAPELLE",
      "category": "U 8 - MM C",
      "location": "PEPINSTER EAST BELG B",
      "other": ""
    },
    {
      "code": "542271",
      "date": "2026-03-08",
      "time": "9:00",
      "team1": "HENRI-CHAPELLE",
      "team2": "VAIL. JUPILLE",
      "category": "U 8 - MM C",
      "location": "HENRI-CHAPELLE",
      "other": ""
    },
    {
      "code": "542291",
      "date": "2026-03-22",
      "time": "9:00",
      "team1": "HENRI-CHAPELLE",
      "team2": "BC COINTE",
      "category": "U 8 - MM C",
      "location": "HENRI-CHAPELLE",
      "other": ""
    },
    {
      "code": "542306",
      "date": "2026-03-28",
      "time": "10:00",
      "team1": "R HT-PRE OUGREE",
      "team2": "HENRI-CHAPELLE",
      "category": "U 8 - MM C",
      "location": "R HT-PRE OUGREE",
      "other": ""
    },
    {
      "code": "542331",
      "date": "2026-04-19",
      "time": "9:00",
      "team1": "HENRI-CHAPELLE",
      "team2": "ABC WAREMME A",
      "category": "U 8 - MM C",
      "location": "HENRI-CHAPELLE",
      "other": ""
    }
  ]
}