Code,Date,Heure,Équipe 1,Équipe 2,Catégorie,Autre
413202,2026-01-18,11:00,BC SPRIMONT A,RBC BLEGNY A,DD - DIVISION 1,
413217,2026-01-23,19:00,RBC BLEGNY A,RBC CROATIA OUPEYE,DD - DIVISION 1,
413226,2026-01-31,19:00,R HT-PRE OUGREE A,RBC BLEGNY A,DD - DIVISION 1,
413035,2026-02-07,21:00,RBC CROATIA OUPEYE,RBC BLEGNY A,DD - DIVISION 1,
413247,2026-02-14,19:00,RBC BLEGNY A,HANNUT BC,DD - DIVISION 1,
413264,2026-03-04,20:00,RBC ESNEUX B,RBC BLEGNY A,DD - DIVISION 1,
413277,2026-03-07,19:00,RBC BLEGNY A,RBC ALLEUR C,DD - DIVISION 1,
413067,2026-03-14,19:00,HANNUT BC,RBC BLEGNY A,DD - DIVISION 1,
413297,2026-03-20,19:00,RBC BLEGNY A,ROYAL SPA BC A,DD - DIVISION 1,
413306,2026-03-29,15:00,HENRI-CHAPELLE,RBC BLEGNY A,DD - DIVISION 1,
413317,2026-04-03,19:00,RBC BLEGNY A,PEPINSTER EAST BELG B,DD - DIVISION 1,
413327,2026-04-10,19:00,RBC BLEGNY A,ROYAL HERVE-BATTICE C,DD - DIVISION 1,
413334,2026-04-19,17:00,BC BELLEFLAMME B,RBC BLEGNY A,DD - DIVISION 1,
414202,2026-01-18,12:00,BC SPRIMONT B,RBC BLEGNY B,DD - DIVISION 2 A,
414217,2026-01-23,21:00,RBC BLEGNY B,PRAYON TROOZ B,DD - DIVISION 2 A,
414226,2026-02-01,17:00,ROYAL BC NINANE A,RBC BLEGNY B,DD - DIVISION 2 A,
414247,2026-02-14,21:00,RBC BLEGNY B,COLLEGE S LOUIS,DD - DIVISION 2 A,
414277,2026-03-07,21:00,RBC BLEGNY B,ABC WAREMME A,DD - DIVISION 2 A,
414264,2026-03-14,19:00,RBC DISON-ANDRIMONT A,RBC BLEGNY B,DD - DIVISION 2 A,
414297,2026-03-20,21:00,RBC BLEGNY B,LA VILLERSOISE A,DD - DIVISION 2 A,
414306,2026-03-28,19:00,ATLAS A JUPILLE,RBC BLEGNY B,DD - DIVISION 2 A,
414317,2026-04-03,21:00,RBC BLEGNY B,RBC STAVELOT,DD - DIVISION 2 A,
414327,2026-04-10,21:00,RBC BLEGNY B,ALL. FLEMALLE A,DD - DIVISION 2 A,
414334,2026-04-19,12:00,RBC HANEFFE B,RBC BLEGNY B,DD - DIVISION 2 A,
416215,2026-01-25,17:00,CRISTAL SGH B,RBC BLEGNY C,DD - DIVISION 3 A,
416227,2026-01-31,21:00,RBC BLEGNY C,ROYAL HERVE-BATTICE D,DD - DIVISION 3 A,
416247,2026-02-15,14:00,ABC WAREMME C,RBC BLEGNY C,DD - DIVISION 3 A,(Hall d'Oreye)
416267,2026-02-28,21:00,RBC BLEGNY C,LA VILLERSOISE B,DD - DIVISION 3 A,
416276,2026-03-08,13:00,ROYAL BC WANZE,RBC BLEGNY C,DD - DIVISION 3 A,
416294,2026-03-22,12:00,RBC ESNEUX C,RBC BLEGNY C,DD - DIVISION 3 A,
416307,2026-03-28,21:00,RBC BLEGNY C,R 4A AYWAILLE-HAMOIR B,DD - DIVISION 3 A,
416337,2026-04-18,21:00,RBC BLEGNY C,CS OUTREMEUSE,DD - DIVISION 3 A,
405193,2026-01-10,19:00,VAIL. JUPILLE B,RBC BLEGNY B,MM - DIVISION 3 B,
405207,2026-01-16,21:00,RBC BLEGNY B,BC SPRIMONT D,MM - DIVISION 3 B,
405215,2026-01-24,19:00,CRISTAL SGH C,RBC BLEGNY B,MM - DIVISION 3 B,
405227,2026-02-01,15:00,RBC BLEGNY B,BC OLNE,MM - DIVISION 3 B,
405147,2026-02-06,21:00,RBC BLEGNY B,BC BELLEFLAMME D,MM - DIVISION 3 B,
405164,2026-02-08,12:00,RBC HANEFFE B,RBC BLEGNY B,MM - DIVISION 3 B,
405247,2026-02-14,20:30,BCM HERSTAL A,RBC BLEGNY B,MM - DIVISION 3 B,
405267,2026-02-27,21:00,RBC BLEGNY B,HARIMALIA BC D,MM - DIVISION 3 B,
405276,2026-03-07,17:00,ROYAL BC NINANE C,RBC BLEGNY B,MM - DIVISION 3 B,
405294,2026-03-21,21:00,BC BELLEFLAMME D,RBC BLEGNY B,MM - DIVISION 3 B,
405307,2026-03-27,21:00,RBC BLEGNY B,R 4A AYWAILLE-HAMOIR A,MM - DIVISION 3 B,
405316,2026-04-04,19:00,RBC DISON-ANDRIMONT B,RBC BLEGNY B,MM - DIVISION 3 B,
405321,2026-04-11,21:00,LA VILLERSOISE B,RBC BLEGNY B,MM - DIVISION 3 B,
405337,2026-04-18,19:00,RBC BLEGNY B,RBC HANEFFE B,MM - DIVISION 3 B,
406193,2026-01-11,15:00,ATLAS A JUPILLE C,RBC BLEGNY A,MM - DIVISION 3 C,
406207,2026-01-17,19:00,RBC STAVELOT B,RBC BLEGNY A,MM - DIVISION 3 C,
406215,2026-01-24,19:00,CRISTAL SGH B,RBC BLEGNY A,MM - DIVISION 3 C,(Ecole de la Troque)
406227,2026-02-01,13:00,RBC BLEGNY A,UN HUY BASKET A,MM - DIVISION 3 C,
406247,2026-02-14,17:00,ESL UNITED F,RBC BLEGNY A,MM - DIVISION 3 C,
406267,2026-02-27,19:00,RBC BLEGNY A,RBC WELKENRAEDT A,MM - DIVISION 3 C,
406276,2026-03-07,17:00,BC REVEIL A,RBC BLEGNY A,MM - DIVISION 3 C,
406294,2026-03-20,21:00,BC SANKT VITH,RBC BLEGNY A,MM - DIVISION 3 C,
406307,2026-03-27,19:00,RBC BLEGNY A,R 4A AYWAILLE-HAMOIR B,MM - DIVISION 3 C,
406316,2026-04-03,21:00,BBC EUPEN,RBC BLEGNY A,MM - DIVISION 3 C,
406321,2026-04-11,17:00,RBC VISE C,RBC BLEGNY A,MM - DIVISION 3 C,
406337,2026-04-17,20:00,RBC BLEGNY A,BC COINTE C,MM - DIVISION 3 C,
411193,2026-01-10,18:00,R.UN.BELLAIRE B,RBC BLEGNY C,MM - DIVISION 4 E,
411207,2026-01-18,11:30,RBC STAVELOT C,RBC BLEGNY C,MM - DIVISION 4 E,
411215,2026-01-24,21:00,R 4A AYWAILLE-HAMOIR D,RBC BLEGNY C,MM - DIVISION 4 E,
411227,2026-01-31,19:00,RBC BLEGNY C,AVENIR JUPILLE B,MM - DIVISION 4 E,
411247,2026-02-14,18:30,HENRI-CHAPELLE C,RBC BLEGNY C,MM - DIVISION 4 E,
411157,2026-02-21,18:00,RBC BLEGNY C,ROYAL SPA BC E,MM - DIVISION 4 E,
411267,2026-02-28,19:00,RBC BLEGNY C,RBC WELKENRAEDT B,MM - DIVISION 4 E,
411276,2026-03-07,18:00,MAIL. COMBLAIN C,RBC BLEGNY C,MM - DIVISION 4 E,
411294,2026-03-20,21:00,RB TILFF E,RBC BLEGNY C,MM - DIVISION 4 E,
411307,2026-03-28,19:00,RBC BLEGNY C,RBC AUBEL,MM - DIVISION 4 E,
411316,2026-04-04,19:00,DF BC MALMEDY,RBC BLEGNY C,MM - DIVISION 4 E,
411321,2026-04-12,10:00,ROYAL SPA BC E,RBC BLEGNY C,MM - DIVISION 4 E,
411337,2026-04-18,17:00,RBC BLEGNY C,BC REVEIL B,MM - DIVISION 4 E,
521192,2026-01-10,12:00,BC SPRIMONT A,RBC BLEGNY B,U 10 - MM B,
521231,2026-02-07,13:00,RBC VISE A,RBC BLEGNY B,U 10 - MM B,
521273,2026-03-07,11:00,ETOILE JUPILLE,RBC BLEGNY B,U 10 - MM B,
521301,2026-03-28,11:00,RBC BLEGNY B,LA VILLERSOISE A,U 10 - MM B,
521321,2026-04-11,11:00,RBC BLEGNY B,GIANTS BRAIVES A,U 10 - MM B,
521335,2026-04-19,11:00,ROYAL HERVE-BATTICE B,RBC BLEGNY B,U 10 - MM B,
527191,2026-01-10,9:00,RBC BLEGNY A,RBC VISE C,U 10 - MM H,
527203,2026-01-17,9:00,PEPINSTER EAST BELG A,RBC BLEGNY A,U 10 - MM H,
527211,2026-01-24,9:00,RBC BLEGNY A,PRAYON TROOZ B,U 10 - MM H,
527225,2026-01-31,11:00,RBC DISON-ANDRIMONT B,RBC BLEGNY A,U 10 - MM H,
527271,2026-03-07,9:00,RBC BLEGNY A,R.UN.BELLAIRE,U 10 - MM H,
527291,2026-03-21,9:00,RBC BLEGNY A,RABC ENSIVAL A,U 10 - MM H,
527306,2026-03-28,14:00,R HT-PRE OUGREE B,RBC BLEGNY A,U 10 - MM H,
527326,2026-04-11,9:00,R 4A AYWAILLE-HAMOIR A,RBC BLEGNY A,U 10 - MM H,
527331,2026-04-18,11:00,RBC BLEGNY A,CRISTAL SGH C,U 10 - MM H,
500196,2026-01-10,10:45,RBC BLEGNY,HENRI-CHAPELLE A,U 12 - MM A,
500202,2026-01-17,12:00,THEUX BC B,RBC BLEGNY,U 12 - MM A,
500216,2026-01-24,10:45,RBC BLEGNY,ROYAL MOSA AC 1941 A,U 12 - MM A,
500223,2026-01-31,11:00,RBC VISE A,RBC BLEGNY,U 12 - MM A,
500236,2026-02-07,9:00,RBC BLEGNY,RBC AUBEL,U 12 - MM A,
500265,2026-03-01,13:00,ROYAL HERVE-BATTICE A,RBC BLEGNY,U 12 - MM A,
500276,2026-03-07,10:45,RBC BLEGNY,BC COINTE A,U 12 - MM A,
500334,2026-03-28,14:30,PRAYON TROOZ A,RBC BLEGNY,U 12 - MM A,
600192,2026-01-10,15:00,ROYAL SPA BC,RBC BLEGNY,U 14 - DD A,
600221,2026-01-31,17:00,RBC BLEGNY,RBC DISON-ANDRIMONT,U 14 - DD A,
600231,2026-02-15,13:00,ROYAL HERVE-BATTICE,RBC BLEGNY,U 14 - DD A,
600261,2026-02-28,17:00,RBC BLEGNY,RJS GRIVEGNEE,U 14 - DD A,
600273,2026-03-07,17:00,DF BC MALMEDY,RBC BLEGNY,U 14 - DD A,
600214,2026-03-14,15:00,PRAYON TROOZ,RBC BLEGNY,U 14 - DD A,
600301,2026-03-28,17:00,RBC BLEGNY,HENRI-CHAPELLE,U 14 - DD A,
600321,2026-04-11,17:00,RBC BLEGNY,BCM HERSTAL,U 14 - DD A,
600335,2026-04-18,13:00,CRISTAL SGH,RBC BLEGNY,U 14 - DD A,(Site des 18 Bonniers)
490204,2026-01-18,13:30,BC SANKT VITH,RBC BLEGNY A,U 14 - PROV MM A,
490215,2026-01-24,14:30,RBC BLEGNY A,BBC EUPEN,U 14 - PROV MM A,
490235,2026-02-07,12:45,RBC BLEGNY A,RBC STAVELOT,U 14 - PROV MM A,
490265,2026-02-28,13:00,RBC BLEGNY A,ATLAS A JUPILLE B,U 14 - PROV MM A,
490272,2026-03-08,13:00,THEUX BC B,RBC BLEGNY A,U 14 - PROV MM A,
490324,2026-04-04,13:00,PRAYON TROOZ,RBC BLEGNY A,U 14 - PROV MM A,
490331,2026-04-18,11:00,RBC WELKENRAEDT,RBC BLEGNY A,U 14 - PROV MM A,
492191,2026-01-10,12:30,RBC BLEGNY B,RABC ENSIVAL B,U 14 - PROV MM C,
492203,2026-01-17,13:00,UN HUY BASKET,RBC BLEGNY B,U 14 - PROV MM C,
492211,2026-01-24,12:30,RBC BLEGNY B,RBC ESNEUX B,U 14 - PROV MM C,
492231,2026-02-07,10:45,RBC BLEGNY B,R 4A AYWAILLE-HAMOIR,U 14 - PROV MM C,
492291,2026-03-21,14:30,RBC BLEGNY B,ROYAL BC WANZE,U 14 - PROV MM C,
492306,2026-03-29,14:00,MAIL. COMBLAIN,RBC BLEGNY B,U 14 - PROV MM C,
492326,2026-04-11,13:00,GIANTS BRAIVES,RBC BLEGNY B,U 14 - PROV MM C,
492331,2026-04-18,13:00,RBC BLEGNY B,BC VERLAINE,U 14 - PROV MM C,
591201,2026-01-17,15:00,RBC BLEGNY,BCM HERSTAL,U 16 - DD B,
591214,2026-01-24,9:00,LA VILLERSOISE,RBC BLEGNY,U 16 - DD B,
591221,2026-01-31,15:00,RBC BLEGNY,ABC WAREMME,U 16 - DD B,
591231,2026-02-07,15:00,ALL. FLEMALLE C,RBC BLEGNY,U 16 - DD B,
591261,2026-02-28,15:00,RBC BLEGNY,RBC VISE A,U 16 - DD B,
591273,2026-03-07,15:00,RBC AWANS A,RBC BLEGNY,U 16 - DD B,
591294,2026-03-21,13:00,PRAYON TROOZ,RBC BLEGNY,U 16 - DD B,
591301,2026-03-28,15:00,RBC BLEGNY,ROYAL BC NINANE,U 16 - DD B,
591321,2026-04-11,15:00,RBC BLEGNY,ORP JAUCHE,U 16 - DD B,
591335,2026-04-19,9:00,ALL. FLEMALLE A,RBC BLEGNY,U 16 - DD B,
471191,2026-01-10,11:00,ROYAL SPA BC,RBC BLEGNY,U 16 - PROV MM B,
471202,2026-01-17,17:00,RBC BLEGNY,ROYAL BC WANZE,U 16 - PROV MM B,
471212,2026-01-24,16:30,RBC BLEGNY,HARIMALIA BC B,U 16 - PROV MM B,
471224,2026-01-31,9:00,PRAYON TROOZ A,RBC BLEGNY,U 16 - PROV MM B,
471232,2026-02-07,14:45,RBC BLEGNY,HANNUT BC,U 16 - PROV MM B,
471261,2026-02-28,13:00,ALL. FLEMALLE,RBC BLEGNY,U 16 - PROV MM B,
471065,2026-03-14,15:00,HANNUT BC,RBC BLEGNY,U 16 - PROV MM B,
471292,2026-03-21,16:30,RBC BLEGNY,ROYAL BC NINANE,U 16 - PROV MM B,
471322,2026-04-12,13:30,RBC STAVELOT,RBC BLEGNY,U 16 - PROV MM B,
471332,2026-04-18,15:00,RBC BLEGNY,THEUX BC,U 16 - PROV MM B,
581191,2026-01-10,14:30,RBC BLEGNY,ROYAL BC WANZE,U 19 - DD B,
581201,2026-01-17,13:00,RBC BLEGNY,ATLAS A JUPILLE,U 19 - DD B,
581214,2026-01-24,13:00,ABC WAREMME A,RBC BLEGNY,U 19 - DD B,
581221,2026-01-31,13:00,RBC BLEGNY,ABC WAREMME A,U 19 - DD B,
581232,2026-02-08,9:00,ROYAL BC WANZE,RBC BLEGNY,U 19 - DD B,
581271,2026-03-08,9:00,RBC BLEGNY,RBC VISE,U 19 - DD B,
581293,2026-03-21,17:00,LA VILLERSOISE,RBC BLEGNY,U 19 - DD B,
581301,2026-03-28,13:00,RBC BLEGNY,ROYAL HERVE-BATTICE,U 19 - DD B,
581333,2026-04-19,11:00,ATLAS A JUPILLE,RBC BLEGNY,U 19 - DD B,
551192,2026-01-10,11:00,PEPINSTER EAST BELG B,RBC BLEGNY,U 7 - MM B,
551214,2026-01-24,13:00,BC COINTE,RBC BLEGNY,U 7 - MM B,
551221,2026-01-31,9:30,RBC BLEGNY,CRISTAL SGH B,U 7 - MM B,
551231,2026-02-07,9:00,ROYAL BC NINANE,RBC BLEGNY,U 7 - MM B,
551294,2026-02-14,11:00,BC VERLAINE B,RBC BLEGNY,U 7 - MM B,
551261,2026-02-28,9:30,RBC BLEGNY,BC SPRIMONT A,U 7 - MM B,
551335,2026-03-14,11:30,R 4A AYWAILLE-HAMOIR B,RBC BLEGNY,U 7 - MM B,
551301,2026-03-28,9:30,RBC BLEGNY,ROYAL HERVE-BATTICE B,U 7 - MM B,
551321,2026-04-11,9:30,RBC BLEGNY,R HT-PRE OUGREE,U 7 - MM B,
540192,2026-01-10,16:30,RBC BLEGNY,RBC STAVELOT,U 8 - MM A,
540201,2026-01-17,11:00,RBC BLEGNY,R.UN.BELLAIRE,U 8 - MM A,
540221,2026-01-31,11:00,RBC BLEGNY,ROYAL MOSA AC 1941,U 8 - MM A,
540231,2026-02-07,10:00,ROYAL SPA BC A,RBC BLEGNY,U 8 - MM A,
540261,2026-02-28,11:00,RBC BLEGNY,THEUX BC,U 8 - MM A,
540273,2026-03-08,9:00,RBC VISE B,RBC BLEGNY,U 8 - MM A,
540294,2026-03-21,9:00,RABC ENSIVAL,RBC BLEGNY,U 8 - MM A,
540321,2026-04-11,9:30,RBC BLEGNY,ROYAL BC NINANE,U 8 - MM A,
540335,2026-04-18,9:00,RBC AUBEL,RBC BLEGNY,U 8 - MM A,
