Code,Date,Heure,Équipe 1,Équipe 2,Catégorie,Autre
415267,2026-03-01,15:00,RBC ALLEUR D,RBC VISE A,DD - DIVISION 2 B,
415271,2026-03-07,21:00,RBC VISE A,VAIL. JUPILLE,DD - DIVISION 2 B,
415311,2026-03-14,19:00,RBC VISE A,HENRI-CHAPELLE B,DD - DIVISION 2 B,
415291,2026-03-21,21:00,RBC VISE A,PEPINSTER EAST BELG C,DD - DIVISION 2 B,
415304,2026-03-27,20:30,R 4A AYWAILLE-HAMOIR A,RBC VISE A,DD - DIVISION 2 B,
415327,2026-04-11,19:00,ABC WAREMME B,RBC VISE A,DD - DIVISION 2 B,
415331,2026-04-18,21:00,RBC VISE A,BC VERLAINE A,DD - DIVISION 2 B,(Salle de Fourons)
418297,2026-03-21,19:00,RBC VISE B,ROYAL SPA BC B,DD - DIVISION 3 C,
418306,2026-03-29,12:00,MAIL. COMBLAIN,RBC VISE B,DD - DIVISION 3 C,
418327,2026-04-11,19:00,RBC VISE B,RBC WELKENRAEDT,DD - DIVISION 3 C,
418167,2026-04-18,19:00,RBC VISE B,PRAYON TROOZ C,DD - DIVISION 3 C,(Salle de Fourons)
402337,2026-02-21,19:00,RBC VISE A,BC VERVIERS B,MM - DIVISION 2 A,
402267,2026-02-28,21:00,RBC VISE A,HARIMALIA BC C,MM - DIVISION 2 A,
402276,2026-03-08,15:00,ROYAL BC WANZE B,RBC VISE A,MM - DIVISION 2 A,
402294,2026-03-20,21:00,BC BELLEFLAMME C,RBC VISE A,MM - DIVISION 2 A,
402307,2026-03-28,19:00,RBC VISE A,FLERON BBC A,MM - DIVISION 2 A,
402316,2026-04-04,19:00,ESL UNITED E,RBC VISE A,MM - DIVISION 2 A,
402321,2026-04-11,17:00,ABC WAREMME B,RBC VISE A,MM - DIVISION 2 A,
403267,2026-02-28,19:00,RBC VISE B,HARIMALIA BC B,MM - DIVISION 2 B,
403276,2026-03-08,11:00,BC VERVIERS C,RBC VISE B,MM - DIVISION 2 B,
403337,2026-03-14,17:00,RBC VISE B,ESL UNITED D,MM - DIVISION 2 B,
403294,2026-03-21,17:00,PRAYON TROOZ A,RBC VISE B,MM - DIVISION 2 B,
403307,2026-03-29,11:00,RBC VISE B,ROYAL MOSA AC 1941 A,MM - DIVISION 2 B,
403316,2026-04-04,21:00,RBC DISON-ANDRIMONT A,RBC VISE B,MM - DIVISION 2 B,
403321,2026-04-11,19:00,ROYAL SPA BC B,RBC VISE B,MM - DIVISION 2 B,
406261,2026-02-28,17:00,RBC VISE C,BC SANKT VITH,MM - DIVISION 3 C,
406273,2026-03-08,17:00,UN HUY BASKET A,RBC VISE C,MM - DIVISION 3 C,
406192,2026-03-13,21:00,RBC STAVELOT B,RBC VISE C,MM - DIVISION 3 C,
406297,2026-03-22,11:00,ESL UNITED F,RBC VISE C,MM - DIVISION 3 C,
406301,2026-03-28,21:00,RBC VISE C,BBC EUPEN,MM - DIVISION 3 C,
406312,2026-04-05,11:00,THEUX BC B,RBC VISE C,MM - DIVISION 3 C,
406321,2026-04-11,17:00,RBC VISE C,RBC BLEGNY A,MM - DIVISION 3 C,
406335,2026-04-18,21:00,R 4A AYWAILLE-HAMOIR B,RBC VISE C,MM - DIVISION 3 C,
407267,2026-02-28,17:00,ORP JAUCHE A,RBC VISE D,MM - DIVISION 4 A,
407271,2026-03-07,19:00,RBC VISE D,VAIL. JUPILLE C,MM - DIVISION 4 A,
407331,2026-03-14,21:00,RBC VISE D,BC VERLAINE,MM - DIVISION 4 A,
407291,2026-03-22,15:00,RBC VISE D,RSW LIEGE BASKET C,MM - DIVISION 4 A,
407304,2026-03-28,21:00,RBC DISON-ANDRIMONT D,RBC VISE D,MM - DIVISION 4 A,
407311,2026-04-04,19:00,RBC VISE D,GIANTS BRAIVES A,MM - DIVISION 4 A,
407327,2026-04-12,17:00,RBC ALLEUR D,RBC VISE D,MM - DIVISION 4 A,
521262,2026-03-01,9:00,BC SPRIMONT A,RBC VISE A,U 10 - MM B,
521306,2026-03-29,9:00,GIANTS BRAIVES A,RBC VISE A,U 10 - MM B,
521326,2026-04-12,11:00,LA VILLERSOISE A,RBC VISE A,U 10 - MM B,
527202,2026-03-01,15:00,RBC VISE C,R HT-PRE OUGREE B,U 10 - MM H,
527272,2026-03-08,11:30,RBC VISE C,CRISTAL SGH C,U 10 - MM H,
527292,2026-03-22,17:00,RBC VISE C,R 4A AYWAILLE-HAMOIR A,U 10 - MM H,
527304,2026-03-28,13:00,RABC ENSIVAL A,RBC VISE C,U 10 - MM H,
527332,2026-04-18,13:00,RBC VISE C,R.UN.BELLAIRE,U 10 - MM H,(Salle de Fourons)
528271,2026-03-08,13:30,RBC VISE B,VAIL. JUPILLE B,U 10 - MM I,
528291,2026-03-21,12:15,RBC VISE B,BC COINTE B,U 10 - MM I,(Salle de Fourons)
528306,2026-03-29,14:00,MAIL. COMBLAIN,RBC VISE B,U 10 - MM I,
528326,2026-04-11,9:00,ATLAS A JUPILLE B,RBC VISE B,U 10 - MM I,
528331,2026-04-18,11:15,RBC VISE B,CRISTAL SGH D,U 10 - MM I,(Salle de Fourons)
AW401111,2026-03-01,9:00,BC BELLEFLAMME,RBC VISE,U 12 - INTERPROVINCIAL,
AW401122,2026-03-15,13:00,R.B.C. BELGRADE,RBC VISE,U 12 - INTERPROVINCIAL,
AW401106,2026-03-22,11:00,RBC VISE,SPIROU BASKET,U 12 - INTERPROVINCIAL,
AW401070,2026-03-28,13:00,LA VILLERSOISE,RBC VISE,U 12 - INTERPROVINCIAL,
AW401066,2026-04-04,15:30,ROYAL NIVELLES,RBC VISE,U 12 - INTERPROVINCIAL,
AW401101,2026-04-12,11:00,UNITED B WOLUWE,RBC VISE,U 12 - INTERPROVINCIAL,
500263,2026-02-28,11:00,RBC VISE A,PRAYON TROOZ A,U 12 - MM A,
500135,2026-03-08,9:30,ROYAL MOSA AC 1941 A,RBC VISE A,U 12 - MM A,
500193,2026-03-14,11:00,RBC VISE A,RBC AUBEL,U 12 - MM A,
500295,2026-03-21,11:00,ROYAL HERVE-BATTICE A,RBC VISE A,U 12 - MM A,
500303,2026-03-28,9:00,RBC VISE A,ROYAL MOSA AC 1941 A,U 12 - MM A,
500234,2026-04-04,13:00,BC COINTE A,RBC VISE A,U 12 - MM A,
500323,2026-04-12,9:00,RBC VISE A,HENRI-CHAPELLE A,U 12 - MM A,
500332,2026-04-18,11:00,THEUX BC B,RBC VISE A,U 12 - MM A,
506291,2026-03-21,9:00,RBC VISE B,BC BELLEFLAMME C,U 12 - MM G,(Salle de Fourons)
506306,2026-03-28,12:00,MAIL. COMBLAIN,RBC VISE B,U 12 - MM G,
506326,2026-04-11,15:00,R 4A AYWAILLE-HAMOIR B,RBC VISE B,U 12 - MM G,(Hall de Hamoir)
601261,2026-03-01,11:00,RBC VISE,UN HUY BASKET,U 14 - DD B,
601273,2026-03-08,9:00,ATLAS A JUPILLE,RBC VISE,U 14 - DD B,
601136,2026-03-14,16:15,RBC ALLEUR,RBC VISE,U 14 - DD B,
601294,2026-03-22,10:00,RBC HANEFFE,RBC VISE,U 14 - DD B,
601301,2026-03-29,13:00,RBC VISE,RBC ALLEUR,U 14 - DD B,
601321,2026-04-11,9:00,RBC VISE,MAIL. COMBLAIN,U 14 - DD B,
480191,2026-03-15,13:00,RBC VISE A,THEUX BC A,U 14 - ELITES MM A,
480291,2026-03-21,17:00,RBC VISE A,COLLEGE S LOUIS A,U 14 - ELITES MM A,
480306,2026-03-28,10:30,HENRI-CHAPELLE,RBC VISE A,U 14 - ELITES MM A,
480326,2026-04-12,15:00,RBC ALLEUR,RBC VISE A,U 14 - ELITES MM A,
480331,2026-04-19,10:00,RBC VISE A,ROYAL HERVE-BATTICE,U 14 - ELITES MM A,(Salle de Fourons)
AW162030,2026-03-07,15:00,FRESH AIR,RBC VISE,U 14 - GOLD REGIONAUX B,
AW162026,2026-03-15,15:00,RBC VISE,BC GENAPPE,U 14 - GOLD REGIONAUX B,
AW162020,2026-03-21,13:00,BC CENTRE GAUME,RBC VISE,U 14 - GOLD REGIONAUX B,
AW162008,2026-04-04,13:00,RBC VISE,DPK CARNIERES,U 14 - GOLD REGIONAUX B,
AW162017,2026-04-12,15:00,RBC VISE,UNION MONS-HAINAUT,U 14 - GOLD REGIONAUX B,
491261,2026-02-28,13:00,RBC VISE B,PEPINSTER EAST BELG,U 14 - PROV MM B,
491273,2026-03-07,14:00,R.UN.BELLAIRE,RBC VISE B,U 14 - PROV MM B,
491301,2026-03-29,9:00,RBC VISE B,RBC AUBEL,U 14 - PROV MM B,
491321,2026-04-11,11:00,RBC VISE B,ROYAL BC NINANE B,U 14 - PROV MM B,
491335,2026-04-19,9:30,ROYAL MOSA AC 1941,RBC VISE B,U 14 - PROV MM B,
590236,2026-03-07,16:00,ROYAL BC WANZE,RBC VISE B,U 16 - DD A,
590215,2026-03-14,15:00,RBC DISON-ANDRIMONT,RBC VISE B,U 16 - DD A,
590301,2026-03-28,17:00,ROYAL HERVE-BATTICE,RBC VISE B,U 16 - DD A,
590274,2026-04-04,15:00,BC COINTE,RBC VISE B,U 16 - DD A,
590326,2026-04-12,13:00,RBC VISE B,ROYAL SPA BC,U 16 - DD A,(Salle de Fourons))
590336,2026-04-18,17:00,RBC VISE B,MAIL. COMBLAIN,U 16 - DD A,(Salle de Fourons)
591232,2026-02-21,15:00,RBC VISE A,ALL. FLEMALLE A,U 16 - DD B,(HO Fourons)
591261,2026-02-28,15:00,RBC BLEGNY,RBC VISE A,U 16 - DD B,
591272,2026-03-07,15:00,RBC VISE A,ABC WAREMME,U 16 - DD B,
591292,2026-03-21,13:00,RBC VISE A,ROYAL BC NINANE,U 16 - DD B,
591304,2026-03-28,9:00,LA VILLERSOISE,RBC VISE A,U 16 - DD B,
591123,2026-04-04,14:30,BCM HERSTAL,RBC VISE A,U 16 - DD B,
591332,2026-04-19,14:00,RBC VISE A,BCM HERSTAL,U 16 - DD B,(Salle de Fourons)
450191,2026-03-01,17:00,RBC VISE A,ROYAL SPA BC B,U 16 - ELITES MM A,
450271,2026-03-07,17:00,RBC VISE A,ROYAL ANS BC,U 16 - ELITES MM A,
450231,2026-03-22,13:00,RBC VISE A,ABC WAREMME A,U 16 - ELITES MM A,
450326,2026-04-11,9:00,GIANTS BRAIVES A,RBC VISE A,U 16 - ELITES MM A,
450331,2026-04-18,15:00,RBC VISE A,ROYAL MOSA AC 1941,U 16 - ELITES MM A,(Salle de Fourons)
470261,2026-02-28,15:00,RBC VISE B,PEPINSTER EAST BELG B,U 16 - PROV MM A,
470013,2026-03-14,13:00,DF BC MALMEDY,RBC VISE B,U 16 - PROV MM A,
470294,2026-03-21,11:00,PRAYON TROOZ B,RBC VISE B,U 16 - PROV MM A,
470301,2026-03-28,13:00,RBC VISE B,ATLAS A JUPILLE B,U 16 - PROV MM A,
470273,2026-04-04,14:30,BCM HERSTAL,RBC VISE B,U 16 - PROV MM A,
470321,2026-04-11,15:00,RBC VISE B,R HT-PRE OUGREE,U 16 - PROV MM A,
470335,2026-04-18,15:00,BBC EUPEN,RBC VISE B,U 16 - PROV MM A,
430261,2026-03-01,13:00,RBC VISE A,THEUX BC,U 18 - ELITES MM A,
430294,2026-03-21,13:00,BC COINTE,RBC VISE A,U 18 - ELITES MM A,
430301,2026-03-29,15:00,RBC VISE A,BBC EUPEN A,U 18 - ELITES MM A,
430335,2026-04-18,13:00,CRISTAL SGH A,RBC VISE A,U 18 - ELITES MM A,
440265,2026-03-01,15:00,CRISTAL SGH C,RBC VISE B,U 18 - PROV MM,
440276,2026-03-08,15:30,RBC VISE B,ROYAL BC NINANE B,U 18 - PROV MM,
440296,2026-03-21,15:00,RBC VISE B,BC BELLEFLAMME B,U 18 - PROV MM,
440306,2026-03-28,15:00,RBC VISE B,RBC ALLEUR B,U 18 - PROV MM,
440311,2026-04-05,17:00,ALL. FLEMALLE B,RBC VISE B,U 18 - PROV MM,
440326,2026-04-12,11:00,RBC VISE B,RBC WELKENRAEDT,U 18 - PROV MM,(Salle de Fourons))
440333,2026-04-18,16:30,BCM HERSTAL,RBC VISE B,U 18 - PROV MM,
AW154028,2026-03-07,13:00,LA LOUVIERE AM,RBC VISE,U 18 - SILVER REGIONAUX C,
AW154027,2026-03-15,11:00,RBC VISE,B.C.BOUSSU,U 18 - SILVER REGIONAUX C,
AW154019,2026-03-21,11:15,ROYAL BC CINEY,RBC VISE,U 18 - SILVER REGIONAUX C,
AW154024,2026-04-04,15:00,RBC VISE,R.B.C. BELGRADE,U 18 - SILVER REGIONAUX C,
AW154018,2026-04-12,11:00,RBC VISE,BC FRAIRE,U 18 - SILVER REGIONAUX C,
AW154008,2026-04-19,16:30,R.B.C. BELGRADE,RBC VISE,U 18 - SILVER REGIONAUX C,
581271,2026-03-08,9:00,RBC BLEGNY,RBC VISE,U 19 - DD B,
581294,2026-03-21,15:00,ROYAL HERVE-BATTICE,RBC VISE,U 19 - DD B,
581302,2026-03-29,17:00,RBC VISE,LA VILLERSOISE,U 19 - DD B,
581322,2026-04-11,13:00,RBC VISE,ABC WAREMME A,U 19 - DD B,
581332,2026-04-19,12:00,RBC VISE,ROYAL BC WANZE,U 19 - DD B,(Salle de Fourons)
AW174024,2026-02-22,11:00,PDL CHARLEROI,RBC VISE,U 19 - SILVER REGIONALES C,
AW174005,2026-02-28,9:00,RBC VISE,BC SPRIMONT,U 19 - SILVER REGIONALES C,
AW174030,2026-03-07,13:00,BC MALONNE,RBC VISE,U 19 - SILVER REGIONALES C,
AW174020,2026-03-21,15:00,BC SPRIMONT,RBC VISE,U 19 - SILVER REGIONALES C,
AW174010,2026-04-05,17:00,EAST BELGIUM BCA,RBC VISE,U 19 - SILVER REGIONALES C,
AW174017,2026-04-12,13:00,RBC VISE,CASTORS BRAINE,U 19 - SILVER REGIONALES C,
AW174008,2026-04-19,17:30,RBC VISE,PDL CHARLEROI,U 19 - SILVER REGIONALES C,
AW149022,2026-02-22,13:00,RBC VISE,RBC ALLEUR,U 21 - SILVER REGIONAUX B,
AW149028,2026-03-07,11:00,RBC VISE,RSW LIEGE BASKET,U 21 - SILVER REGIONAUX B,
AW149021,2026-03-22,10:00,UBCF QUAREGNON,RBC VISE,U 21 - SILVER REGIONAUX B,
AW149004,2026-03-28,11:00,RBC VISE,UBCF QUAREGNON,U 21 - SILVER REGIONAUX B,
AW149016,2026-04-12,12:00,RBC VISE,BC RANSART CHARLEROI,U 21 - SILVER REGIONAUX B,
AW149007,2026-04-19,15:00,RBC ALLEUR,RBC VISE,U 21 - SILVER REGIONAUX B,
552264,2026-02-28,12:30,RBC HANEFFE,RBC VISE,U 7 - MM C,
552273,2026-03-08,9:00,RBC VISE,HARIMALIA BC,U 7 - MM C,
552293,2026-03-22,9:00,RBC VISE,CRISTAL SGH A,U 7 - MM C,
552305,2026-03-28,9:00,ABC WAREMME B,RBC VISE,U 7 - MM C,
552323,2026-04-11,10:00,VAIL. JUPILLE,RBC VISE,U 7 - MM C,
552333,2026-04-19,16:00,RBC VISE,PEPINSTER EAST BELG C,U 7 - MM C,(Salle de Fourons)
540273,2026-03-08,9:00,RBC VISE B,RBC BLEGNY,U 8 - MM A,
540293,2026-03-22,9:00,RBC VISE B,RBC AUBEL,U 8 - MM A,
540305,2026-03-28,11:30,ROYAL MOSA AC 1941,RBC VISE B,U 8 - MM A,
540323,2026-04-11,10:30,R.UN.BELLAIRE,RBC VISE B,U 8 - MM A,
540333,2026-04-18,10:00,RBC VISE B,RBC STAVELOT,U 8 - MM A,(Salle de Fourons)
541261,2026-02-28,13:00,HARIMALIA BC,RBC VISE A,U 8 - MM B,
541272,2026-03-08,10:15,RBC VISE A,CRISTAL SGH B,U 8 - MM B,
541292,2026-03-21,11:00,RBC VISE A,ATLAS A JUPILLE,U 8 - MM B,(Salle de Fourons)
541304,2026-03-28,15:15,RB TILFF B,RBC VISE A,U 8 - MM B,
541322,2026-04-11,9:00,PEPINSTER EAST BELG A,RBC VISE A,U 8 - MM B,
