Code,Date,Heure,Équipe 1,Équipe 2,Catégorie,Autre
AW248030,2026-01-31,13:30,PDL CHARLEROI A,EAST BELGIUM BCA,COUPE AWBB U14 - FILLES,(Salle Waremme)
AW247061,2026-01-31,15:30,EAST BELGIUM BCA B,ROYAL BC CINEY A,COUPE AWBB U16 - FILLES,(Salle Waremme)
AW179012,2026-02-08,15:30,LADIES CHARLEROI,EAST BELGIUM BCA,U 14 - GOLD REGIONALES A,
AW179013,2026-02-14,13:00,EAST BELGIUM BCA,ROYAL BC CINEY,U 14 - GOLD REGIONALES A,
AW179029,2026-03-07,15:45,ROYAL BC CINEY,EAST BELGIUM BCA,U 14 - GOLD REGIONALES A,
AW179025,2026-03-15,13:00,EAST BELGIUM BCA,LADIES CHARLEROI,U 14 - GOLD REGIONALES A,
AW179019,2026-03-21,13:00,EAST BELGIUM BCA,MONS CAPITALE,U 14 - GOLD REGIONALES A,
AW179001,2026-03-28,15:00,EAST BELGIUM BCA,RCS NATOYE,U 14 - GOLD REGIONALES A,
AW179017,2026-04-11,9:30,RCS NATOYE,EAST BELGIUM BCA,U 14 - GOLD REGIONALES A,
AW179007,2026-04-18,13:00,EAST BELGIUM BCA,TOURNAI WAPITI,U 14 - GOLD REGIONALES A,
AW167004,2026-02-01,13:00,EAST BELGIUM BCA,R EXC BRUXELLES,U 14 - SILVER REGIONAUX E,
AW167010,2026-02-08,13:00,EAST BELGIUM BCA,GIANTS BRAIVES,U 14 - SILVER REGIONAUX E,
AW167028,2026-03-08,13:00,EAST BELGIUM BCA,FRIENDLY BULLS XL,U 14 - SILVER REGIONAUX E,
AW167026,2026-03-14,13:00,GIANTS BRAIVES,EAST BELGIUM BCA,U 14 - SILVER REGIONAUX E,
AW167021,2026-04-04,11:00,R EXC BRUXELLES,EAST BELGIUM BCA,U 14 - SILVER REGIONAUX E,
AW167016,2026-04-12,13:00,EAST BELGIUM BCA,BBC BRAINOIS,U 14 - SILVER REGIONAUX E,
AW167007,2026-04-19,11:00,R UAA ETTERBEEK,EAST BELGIUM BCA,U 14 - SILVER REGIONAUX E,
AW167015,2026-04-26,11:30,FRIENDLY BULLS XL,EAST BELGIUM BCA,U 14 - SILVER REGIONAUX E,
ING1412AEB,2026-01-31,12:30,EAST BELGIUM BCA,UCCLE EUROPE,U 14 MM - NATIONAUX A,
ING1412ADE,2026-02-01,11:00,BER. BLANKENBERGE,EAST BELGIUM BCA,U 14 MM - NATIONAUX A,
ING1412ACE,2026-02-07,14:30,GEMBO BORGERHOUT,EAST BELGIUM BCA,U 14 MM - NATIONAUX A,
ING1412ABE,2026-02-21,11:00,UCCLE EUROPE,EAST BELGIUM BCA,U 14 MM - NATIONAUX A,
ING1412AEA,2026-02-28,14:30,EAST BELGIUM BCA,R.B.C. BELGRADE,U 14 MM - NATIONAUX A,
ING1412AEF,2026-03-15,15:00,EAST BELGIUM BCA,BBC FALCO GENT,U 14 MM - NATIONAUX A,
ING1412AED,2026-03-29,15:00,EAST BELGIUM BCA,BER. BLANKENBERGE,U 14 MM - NATIONAUX A,
ING1412AEC,2026-04-12,15:00,EAST BELGIUM BCA,GEMBO BORGERHOUT,U 14 MM - NATIONAUX A,
ING1412AAE,2026-04-18,16:00,R.B.C. BELGRADE,EAST BELGIUM BCA,U 14 MM - NATIONAUX A,
AW176012,2026-02-08,15:00,EAST BELGIUM BCA,LA VILLERSOISE,U 16 - GOLD REGIONALES B,
AW176014,2026-02-14,13:00,RCS NATOYE,EAST BELGIUM BCA,U 16 - GOLD REGIONALES B,
AW176030,2026-03-07,13:00,EAST BELGIUM BCA,RCS NATOYE,U 16 - GOLD REGIONALES B,
AW176025,2026-03-14,10:30,LA VILLERSOISE,EAST BELGIUM BCA,U 16 - GOLD REGIONALES B,
AW176021,2026-03-21,17:00,EAST BELGIUM BCA,BC BONINNE,U 16 - GOLD REGIONALES B,
AW176018,2026-04-11,11:30,BBC LIBRAMONT,EAST BELGIUM BCA,U 16 - GOLD REGIONALES B,
AW176009,2026-04-18,15:00,EAST BELGIUM BCA,TOURNAI WAPITI,U 16 - GOLD REGIONALES B,
AW176004,2026-04-26,13:00,BC BONINNE,EAST BELGIUM BCA,U 16 - GOLD REGIONALES B,
AW156026,2026-01-31,13:00,DPK CARNIERES,EAST BELGIUM BCA,U 16 - GOLD REGIONAUX B,
AW156015,2026-02-15,14:00,FRESH AIR,EAST BELGIUM BCA,U 16 - GOLD REGIONAUX B,
AW156010,2026-03-01,15:00,EAST BELGIUM BCA,DPK CARNIERES,U 16 - GOLD REGIONAUX B,
AW156028,2026-03-08,17:00,EAST BELGIUM BCA,FRESH AIR,U 16 - GOLD REGIONAUX B,
AW156021,2026-03-21,15:00,RBC HANEFFE,EAST BELGIUM BCA,U 16 - GOLD REGIONAUX B,
AW156016,2026-04-12,15:00,EAST BELGIUM BCA,BC MALONNE,U 16 - GOLD REGIONAUX B,
AW156007,2026-04-18,11:00,CASTORS BRAINE,EAST BELGIUM BCA,U 16 - GOLD REGIONAUX B,
AW158011,2026-02-07,14:30,EAST BELGIUM BCA,FRESH AIR,U 16 - SILVER REGIONAUX B,
AW158013,2026-02-14,11:15,BC CENTRE GAUME,EAST BELGIUM BCA,U 16 - SILVER REGIONAUX B,
AW158029,2026-03-07,14:30,EAST BELGIUM BCA,BC CENTRE GAUME,U 16 - SILVER REGIONAUX B,
AW158027,2026-03-15,12:00,FRESH AIR,EAST BELGIUM BCA,U 16 - SILVER REGIONAUX B,
AW158020,2026-03-21,16:30,EAST BELGIUM BCA,BC SPRIMONT,U 16 - SILVER REGIONAUX B,
AW158005,2026-04-04,15:00,BC SPRIMONT,EAST BELGIUM BCA,U 16 - SILVER REGIONAUX B,
AW158016,2026-04-12,13:00,ROYAL NIVELLES,EAST BELGIUM BCA,U 16 - SILVER REGIONAUX B,
AW158009,2026-04-18,14:30,AS ST AUGUSTIN,EAST BELGIUM BCA,U 16 - SILVER REGIONAUX B,
INM1612BDE,2026-02-01,13:15,KORTRIJK SPURS,EAST BELGIUM BCA,U 16 DD - NATIONALES B,
INM1612BCE,2026-02-07,15:00,BASKET WAREGEM,EAST BELGIUM BCA,U 16 DD - NATIONALES B,
INM1612BEB,2026-02-14,11:00,EAST BELGIUM BCA,LIEGE PANTHERS,U 16 DD - NATIONALES B,
INM1612BBE,2026-03-08,15:00,LIEGE PANTHERS,EAST BELGIUM BCA,U 16 DD - NATIONALES B,
INM1612BEF,2026-03-14,11:00,EAST BELGIUM BCA,GEMBAS KNESSELARE,U 16 DD - NATIONALES B,
INM1612BED,2026-03-28,11:00,EAST BELGIUM BCA,KORTRIJK SPURS,U 16 DD - NATIONALES B,
INM1612BEA,2026-04-05,15:00,EAST BELGIUM BCA,BC BELLEFLAMME,U 16 DD - NATIONALES B,
INM1612BEC,2026-04-12,13:00,EAST BELGIUM BCA,BASKET WAREGEM,U 16 DD - NATIONALES B,
INM1612BAE,2026-04-19,13:00,BC BELLEFLAMME,EAST BELGIUM BCA,U 16 DD - NATIONALES B,
INJ1812BAD,2026-02-08,11:00,EAST BELGIUM BCA,BAVI VILVOORDE,U 18 MM - NATIONAUX B,
INJ1812BEA,2026-02-25,20:00,RSW LIEGE BASKET,EAST BELGIUM BCA,U 18 MM - NATIONAUX B,
INJ1812BAC,2026-03-14,13:00,EAST BELGIUM BCA,SOBABEE ANTWERPEN,U 18 MM - NATIONAUX B,
INJ1812BFA,2026-03-15,11:00,BC OOSTENDE,EAST BELGIUM BCA,U 18 MM - NATIONAUX B,
INJ1812BAF,2026-03-21,13:00,EAST BELGIUM BCA,BC OOSTENDE,U 18 MM - NATIONAUX B,
INJ1812BAB,2026-03-28,11:00,EAST BELGIUM BCA,ATLAS A JUPILLE,U 18 MM - NATIONAUX B,
INJ1812BDA,2026-04-11,13:00,BAVI VILVOORDE,EAST BELGIUM BCA,U 18 MM - NATIONAUX B,
INJ1812BAE,2026-04-18,13:00,EAST BELGIUM BCA,RSW LIEGE BASKET,U 18 MM - NATIONAUX B,
AW174002,2026-02-01,15:00,BC SPRIMONT,EAST BELGIUM BCA,U 19 - SILVER REGIONALES C,
AW174026,2026-02-08,17:15,RBC VISE,EAST BELGIUM BCA,U 19 - SILVER REGIONALES C,
AW174015,2026-02-14,15:45,PDL CHARLEROI,EAST BELGIUM BCA,U 19 - SILVER REGIONALES C,
AW174022,2026-02-22,13:00,EAST BELGIUM BCA,CASTORS BRAINE,U 19 - SILVER REGIONALES C,
AW174004,2026-03-01,13:00,EAST BELGIUM BCA,BC MALONNE,U 19 - SILVER REGIONALES C,
AW174028,2026-03-08,13:00,EAST BELGIUM BCA,PDL CHARLEROI,U 19 - SILVER REGIONALES C,
AW174021,2026-03-29,11:00,BC MALONNE,EAST BELGIUM BCA,U 19 - SILVER REGIONALES C,
AW174010,2026-04-05,17:00,EAST BELGIUM BCA,RBC VISE,U 19 - SILVER REGIONALES C,
AW174016,2026-04-11,13:00,EAST BELGIUM BCA,BC SPRIMONT,U 19 - SILVER REGIONALES C,
AW174007,2026-04-18,14:00,CASTORS BRAINE,EAST BELGIUM BCA,U 19 - SILVER REGIONALES C,
