{
  "club": {
    "id": "44",
    "name": "44 RBC ESNEUX",
    "slug": "44-rbc-esneux"
  },
  "events": [
    {
      "code": "772114",
      "date": "2026-02-08",
      "time": "12:15",
      "team1": "ABC WAREMME B",
      "team2": "RBC ESNEUX",
      "category": "CPE PROV CADETTES",
      "location": "ABC WAREMME B",
      "other": "(Salle de Sprimont)"
    },
    {
      "code": "760561",
      "date": "2026-02-08",
      "time": "14:30",
      "team1": "ATLAS A JUPILLE (+  5)",
      "team2": "RBC ESNEUX A",
      "category": "CPE PROV DAMES",
      "location": "ATLAS A JUPILLE (+  5)",
      "other": "(Salle de Sprimont)"
    },
    {
      "code": "413222",
      "date": "2026-02-01",
      "time": "13:00",
      "team1": "PEPINSTER EAST BELG B",
      "team2": "RBC ESNEUX B",
      "category": "DD - DIVISION 1",
      "location": "PEPINSTER EAST BELG B",
      "other": ""
    },
    {
      "code": "413244",
      "date": "2026-02-13",
      "time": "19:00",
      "team1": "RBC ESNEUX B",
      "team2": "RABC ENSIVAL A",
      "category": "DD - DIVISION 1",
      "location": "RBC ESNEUX B",
      "other": ""
    },
    {
      "code": "413264",
      "date": "2026-03-04",
      "time": "20:00",
      "team1": "RBC ESNEUX B",
      "team2": "RBC BLEGNY A",
      "category": "DD - DIVISION 1",
      "location": "RBC ESNEUX B",
      "other": ""
    },
    {
      "code": "413272",
      "date": "2026-03-07",
      "time": "19:00",
      "team1": "BC SPRIMONT A",
      "team2": "RBC ESNEUX B",
      "category": "DD - DIVISION 1",
      "location": "BC SPRIMONT A",
      "other": ""
    },
    {
      "code": "413296",
      "date": "2026-03-22",
      "time": "14:00",
      "team1": "RBC ESNEUX B",
      "team2": "HENRI-CHAPELLE",
      "category": "DD - DIVISION 1",
      "location": "RBC ESNEUX B",
      "other": ""
    },
    {
      "code": "413304",
      "date": "2026-03-29",
      "time": "10:00",
      "team1": "RBC ESNEUX B",
      "team2": "ROYAL HERVE-BATTICE C",
      "category": "DD - DIVISION 1",
      "location": "RBC ESNEUX B",
      "other": ""
    },
    {
      "code": "413184",
      "date": "2026-04-01",
      "time": "20:30",
      "team1": "RBC ESNEUX B",
      "team2": "RBC ALLEUR C",
      "category": "DD - DIVISION 1",
      "location": "RBC ESNEUX B",
      "other": ""
    },
    {
      "code": "413313",
      "date": "2026-04-04",
      "time": "18:00",
      "team1": "R.UN.BELLAIRE A",
      "team2": "RBC ESNEUX B",
      "category": "DD - DIVISION 1",
      "location": "R.UN.BELLAIRE A",
      "other": ""
    },
    {
      "code": "413324",
      "date": "2026-04-12",
      "time": "10:00",
      "team1": "RBC ESNEUX B",
      "team2": "BC BELLEFLAMME B",
      "category": "DD - DIVISION 1",
      "location": "RBC ESNEUX B",
      "other": ""
    },
    {
      "code": "413337",
      "date": "2026-04-18",
      "time": "19:00",
      "team1": "HANNUT BC",
      "team2": "RBC ESNEUX B",
      "category": "DD - DIVISION 1",
      "location": "HANNUT BC",
      "other": ""
    },
    {
      "code": "416224",
      "date": "2026-02-01",
      "time": "14:00",
      "team1": "RBC ESNEUX C",
      "team2": "BCM HERSTAL",
      "category": "DD - DIVISION 3 A",
      "location": "RBC ESNEUX C",
      "other": ""
    },
    {
      "code": "416243",
      "date": "2026-02-15",
      "time": "13:00",
      "team1": "ROYAL HERVE-BATTICE D",
      "team2": "RBC ESNEUX C",
      "category": "DD - DIVISION 3 A",
      "location": "ROYAL HERVE-BATTICE D",
      "other": ""
    },
    {
      "code": "416052",
      "date": "2026-02-28",
      "time": "18:30",
      "team1": "BCM HERSTAL",
      "team2": "RBC ESNEUX C",
      "category": "DD - DIVISION 3 A",
      "location": "BCM HERSTAL",
      "other": ""
    },
    {
      "code": "416294",
      "date": "2026-03-22",
      "time": "12:00",
      "team1": "RBC ESNEUX C",
      "team2": "RBC BLEGNY C",
      "category": "DD - DIVISION 3 A",
      "location": "RBC ESNEUX C",
      "other": ""
    },
    {
      "code": "416324",
      "date": "2026-04-12",
      "time": "16:30",
      "team1": "CS OUTREMEUSE",
      "team2": "RBC ESNEUX C",
      "category": "DD - DIVISION 3 A",
      "location": "CS OUTREMEUSE",
      "other": ""
    },
    {
      "code": "416334",
      "date": "2026-04-19",
      "time": "14:00",
      "team1": "RBC ESNEUX C",
      "team2": "ABC WAREMME C",
      "category": "DD - DIVISION 3 A",
      "location": "RBC ESNEUX C",
      "other": ""
    },
    {
      "code": "AW105114",
      "date": "2026-01-31",
      "time": "18:00",
      "team1": "BBC LIBRAMONT",
      "team2": "RBC ESNEUX A",
      "category": "DD - REGIONALE 2 A",
      "location": "BBC LIBRAMONT",
      "other": ""
    },
    {
      "code": "AW105123",
      "date": "2026-02-08",
      "time": "12:00",
      "team1": "RBC ESNEUX A",
      "team2": "RB ALLIANCE ARLON",
      "category": "DD - REGIONALE 2 A",
      "location": "RBC ESNEUX A",
      "other": ""
    },
    {
      "code": "AW105130",
      "date": "2026-02-13",
      "time": "21:00",
      "team1": "RBC ESNEUX A",
      "team2": "BC BELLEFLAMME A",
      "category": "DD - REGIONALE 2 A",
      "location": "RBC ESNEUX A",
      "other": ""
    },
    {
      "code": "AW105144",
      "date": "2026-03-01",
      "time": "12:00",
      "team1": "RBC ESNEUX A",
      "team2": "BC BONINNE",
      "category": "DD - REGIONALE 2 A",
      "location": "RBC ESNEUX A",
      "other": ""
    },
    {
      "code": "AW105158",
      "date": "2026-03-15",
      "time": "14:00",
      "team1": "RBC ESNEUX A",
      "team2": "PROFONDEVILLE SHARKS",
      "category": "DD - REGIONALE 2 A",
      "location": "RBC ESNEUX A",
      "other": ""
    },
    {
      "code": "AW105139",
      "date": "2026-03-22",
      "time": "11:00",
      "team1": "BC CENTRE GAUME",
      "team2": "RBC ESNEUX A",
      "category": "DD - REGIONALE 2 A",
      "location": "BC CENTRE GAUME",
      "other": ""
    },
    {
      "code": "AW105172",
      "date": "2026-03-28",
      "time": "20:00",
      "team1": "RBC ESNEUX A",
      "team2": "PRAYON TROOZ A",
      "category": "DD - REGIONALE 2 A",
      "location": "RBC ESNEUX A",
      "other": ""
    },
    {
      "code": "AW105182",
      "date": "2026-04-18",
      "time": "18:30",
      "team1": "RBC ALLEUR A",
      "team2": "RBC ESNEUX A",
      "category": "DD - REGIONALE 2 A",
      "location": "RBC ALLEUR A",
      "other": ""
    },
    {
      "code": "AW105164",
      "date": "2026-04-26",
      "time": "17:00",
      "team1": "REBOND OTTIGNIES",
      "team2": "RBC ESNEUX A",
      "category": "DD - REGIONALE 2 A",
      "location": "REBOND OTTIGNIES",
      "other": ""
    },
    {
      "code": "522224",
      "date": "2026-01-31",
      "time": "10:30",
      "team1": "RBC ESNEUX A",
      "team2": "UN HUY BASKET A",
      "category": "U 10 - MM C",
      "location": "RBC ESNEUX A",
      "other": ""
    },
    {
      "code": "522233",
      "date": "2026-02-07",
      "time": "9:00",
      "team1": "ROYAL ANS BC A",
      "team2": "RBC ESNEUX A",
      "category": "U 10 - MM C",
      "location": "ROYAL ANS BC A",
      "other": ""
    },
    {
      "code": "522194",
      "date": "2026-02-14",
      "time": "9:15",
      "team1": "COLLEGE S LOUIS A",
      "team2": "RBC ESNEUX A",
      "category": "U 10 - MM C",
      "location": "COLLEGE S LOUIS A",
      "other": ""
    },
    {
      "code": "522274",
      "date": "2026-03-07",
      "time": "10:30",
      "team1": "RBC ESNEUX A",
      "team2": "LA VILLERSOISE B",
      "category": "U 10 - MM C",
      "location": "RBC ESNEUX A",
      "other": ""
    },
    {
      "code": "522294",
      "date": "2026-03-21",
      "time": "10:30",
      "team1": "RBC ESNEUX A",
      "team2": "ALL. FLEMALLE B",
      "category": "U 10 - MM C",
      "location": "RBC ESNEUX A",
      "other": ""
    },
    {
      "code": "522302",
      "date": "2026-03-29",
      "time": "10:30",
      "team1": "BC SPRIMONT B",
      "team2": "RBC ESNEUX A",
      "category": "U 10 - MM C",
      "location": "BC SPRIMONT B",
      "other": ""
    },
    {
      "code": "522334",
      "date": "2026-04-18",
      "time": "12:00",
      "team1": "RBC ESNEUX A",
      "team2": "ROYAL BC WANZE A",
      "category": "U 10 - MM C",
      "location": "RBC ESNEUX A",
      "other": ""
    },
    {
      "code": "523224",
      "date": "2026-01-31",
      "time": "12:00",
      "team1": "RBC ESNEUX B",
      "team2": "CONDROZ MODAVE BB A",
      "category": "U 10 - MM D",
      "location": "RBC ESNEUX B",
      "other": ""
    },
    {
      "code": "523233",
      "date": "2026-02-08",
      "time": "11:00",
      "team1": "RBC AWANS A",
      "team2": "RBC ESNEUX B",
      "category": "U 10 - MM D",
      "location": "RBC AWANS A",
      "other": ""
    },
    {
      "code": "523194",
      "date": "2026-02-14",
      "time": "9:00",
      "team1": "BC COINTE A",
      "team2": "RBC ESNEUX B",
      "category": "U 10 - MM D",
      "location": "BC COINTE A",
      "other": ""
    },
    {
      "code": "523274",
      "date": "2026-03-07",
      "time": "12:00",
      "team1": "RBC ESNEUX B",
      "team2": "ALL. FLEMALLE A",
      "category": "U 10 - MM D",
      "location": "RBC ESNEUX B",
      "other": ""
    },
    {
      "code": "523294",
      "date": "2026-03-21",
      "time": "12:00",
      "team1": "RBC ESNEUX B",
      "team2": "ABC WAREMME A",
      "category": "U 10 - MM D",
      "location": "RBC ESNEUX B",
      "other": ""
    },
    {
      "code": "523302",
      "date": "2026-03-29",
      "time": "9:00",
      "team1": "BC SPRIMONT C",
      "team2": "RBC ESNEUX B",
      "category": "U 10 - MM D",
      "location": "BC SPRIMONT C",
      "other": ""
    },
    {
      "code": "523334",
      "date": "2026-04-18",
      "time": "10:30",
      "team1": "RBC ESNEUX B",
      "team2": "ORP JAUCHE",
      "category": "U 10 - MM D",
      "location": "RBC ESNEUX B",
      "other": ""
    },
    {
      "code": "529226",
      "date": "2026-02-01",
      "time": "10:30",
      "team1": "LA VILLERSOISE C",
      "team2": "RBC ESNEUX C",
      "category": "U 10 - MM J",
      "location": "LA VILLERSOISE C",
      "other": ""
    },
    {
      "code": "529233",
      "date": "2026-02-07",
      "time": "12:30",
      "team1": "RBC ESNEUX C",
      "team2": "BC COINTE C",
      "category": "U 10 - MM J",
      "location": "RBC ESNEUX C",
      "other": ""
    },
    {
      "code": "529196",
      "date": "2026-02-14",
      "time": "9:00",
      "team1": "GIANTS BRAIVES B",
      "team2": "RBC ESNEUX C",
      "category": "U 10 - MM J",
      "location": "GIANTS BRAIVES B",
      "other": "(HO Fallais)"
    },
    {
      "code": "529264",
      "date": "2026-02-28",
      "time": "10:45",
      "team1": "R REN. MONTEGNEE",
      "team2": "RBC ESNEUX C",
      "category": "U 10 - MM J",
      "location": "R REN. MONTEGNEE",
      "other": ""
    },
    {
      "code": "529273",
      "date": "2026-03-07",
      "time": "12:00",
      "team1": "RBC ESNEUX C",
      "team2": "RBC ALLEUR B",
      "category": "U 10 - MM J",
      "location": "RBC ESNEUX C",
      "other": ""
    },
    {
      "code": "529305",
      "date": "2026-03-28",
      "time": "10:30",
      "team1": "RB TILFF D",
      "team2": "RBC ESNEUX C",
      "category": "U 10 - MM J",
      "location": "RB TILFF D",
      "other": ""
    },
    {
      "code": "529333",
      "date": "2026-04-18",
      "time": "12:00",
      "team1": "RBC ESNEUX C",
      "team2": "BC SPRIMONT D",
      "category": "U 10 - MM J",
      "location": "RBC ESNEUX C",
      "other": ""
    },
    {
      "code": "502224",
      "date": "2026-01-31",
      "time": "9:00",
      "team1": "RBC ESNEUX",
      "team2": "BC SPRIMONT B",
      "category": "U 12 - MM C",
      "location": "RBC ESNEUX",
      "other": ""
    },
    {
      "code": "502126",
      "date": "2026-02-08",
      "time": "9:00",
      "team1": "GIANTS BRAIVES A",
      "team2": "RBC ESNEUX",
      "category": "U 12 - MM C",
      "location": "GIANTS BRAIVES A",
      "other": ""
    },
    {
      "code": "502263",
      "date": "2026-02-28",
      "time": "9:00",
      "team1": "ROYAL ANS BC",
      "team2": "RBC ESNEUX",
      "category": "U 12 - MM C",
      "location": "ROYAL ANS BC",
      "other": ""
    },
    {
      "code": "502294",
      "date": "2026-03-21",
      "time": "9:00",
      "team1": "RBC ESNEUX",
      "team2": "ROYAL SPA BC",
      "category": "U 12 - MM C",
      "location": "RBC ESNEUX",
      "other": ""
    },
    {
      "code": "502302",
      "date": "2026-03-28",
      "time": "13:30",
      "team1": "BC BELLEFLAMME A",
      "team2": "RBC ESNEUX",
      "category": "U 12 - MM C",
      "location": "BC BELLEFLAMME A",
      "other": ""
    },
    {
      "code": "502325",
      "date": "2026-04-11",
      "time": "13:00",
      "team1": "CRISTAL SGH B",
      "team2": "RBC ESNEUX",
      "category": "U 12 - MM C",
      "location": "CRISTAL SGH B",
      "other": ""
    },
    {
      "code": "502334",
      "date": "2026-04-18",
      "time": "9:00",
      "team1": "RBC ESNEUX",
      "team2": "GIANTS BRAIVES A",
      "category": "U 12 - MM C",
      "location": "RBC ESNEUX",
      "other": ""
    },
    {
      "code": "507224",
      "date": "2026-01-31",
      "time": "10:30",
      "team1": "RBC ESNEUX B",
      "team2": "RABC ENSIVAL B",
      "category": "U 12 - MM H",
      "location": "RBC ESNEUX B",
      "other": ""
    },
    {
      "code": "507233",
      "date": "2026-02-07",
      "time": "12:00",
      "team1": "R.UN.BELLAIRE",
      "team2": "RBC ESNEUX B",
      "category": "U 12 - MM H",
      "location": "R.UN.BELLAIRE",
      "other": ""
    },
    {
      "code": "507274",
      "date": "2026-03-07",
      "time": "10:30",
      "team1": "RBC ESNEUX B",
      "team2": "GIANTS BRAIVES C",
      "category": "U 12 - MM H",
      "location": "RBC ESNEUX B",
      "other": ""
    },
    {
      "code": "507294",
      "date": "2026-03-21",
      "time": "10:30",
      "team1": "RBC ESNEUX B",
      "team2": "ALL. FLEMALLE E",
      "category": "U 12 - MM H",
      "location": "RBC ESNEUX B",
      "other": ""
    },
    {
      "code": "507325",
      "date": "2026-04-12",
      "time": "11:30",
      "team1": "FLERON BBC",
      "team2": "RBC ESNEUX B",
      "category": "U 12 - MM H",
      "location": "FLERON BBC",
      "other": ""
    },
    {
      "code": "492224",
      "date": "2026-02-01",
      "time": "10:00",
      "team1": "RBC ESNEUX B",
      "team2": "RABC ENSIVAL B",
      "category": "U 14 - PROV MM C",
      "location": "RBC ESNEUX B",
      "other": ""
    },
    {
      "code": "492233",
      "date": "2026-02-07",
      "time": "13:00",
      "team1": "UN HUY BASKET",
      "team2": "RBC ESNEUX B",
      "category": "U 14 - PROV MM C",
      "location": "UN HUY BASKET",
      "other": ""
    },
    {
      "code": "492274",
      "date": "2026-03-08",
      "time": "10:00",
      "team1": "RBC ESNEUX B",
      "team2": "GIANTS BRAIVES",
      "category": "U 14 - PROV MM C",
      "location": "RBC ESNEUX B",
      "other": ""
    },
    {
      "code": "492294",
      "date": "2026-03-22",
      "time": "16:00",
      "team1": "RBC ESNEUX B",
      "team2": "R 4A AYWAILLE-HAMOIR",
      "category": "U 14 - PROV MM C",
      "location": "RBC ESNEUX B",
      "other": ""
    },
    {
      "code": "492325",
      "date": "2026-04-11",
      "time": "17:00",
      "team1": "CRISTAL SGH C",
      "team2": "RBC ESNEUX B",
      "category": "U 14 - PROV MM C",
      "location": "CRISTAL SGH C",
      "other": ""
    },
    {
      "code": "492334",
      "date": "2026-04-19",
      "time": "10:00",
      "team1": "RBC ESNEUX B",
      "team2": "MAIL. COMBLAIN",
      "category": "U 14 - PROV MM C",
      "location": "RBC ESNEUX B",
      "other": ""
    },
    {
      "code": "493222",
      "date": "2026-01-31",
      "time": "13:00",
      "team1": "RABC ENSIVAL A",
      "team2": "RBC ESNEUX A",
      "category": "U 14 - PROV MM D",
      "location": "RABC ENSIVAL A",
      "other": ""
    },
    {
      "code": "493234",
      "date": "2026-02-07",
      "time": "10:30",
      "team1": "RBC ESNEUX A",
      "team2": "RBC AWANS",
      "category": "U 14 - PROV MM D",
      "location": "RBC ESNEUX A",
      "other": ""
    },
    {
      "code": "493264",
      "date": "2026-02-28",
      "time": "10:30",
      "team1": "RBC ESNEUX A",
      "team2": "BCM HERSTAL",
      "category": "U 14 - PROV MM D",
      "location": "RBC ESNEUX A",
      "other": ""
    },
    {
      "code": "493276",
      "date": "2026-03-07",
      "time": "13:00",
      "team1": "ORP JAUCHE",
      "team2": "RBC ESNEUX A",
      "category": "U 14 - PROV MM D",
      "location": "ORP JAUCHE",
      "other": ""
    },
    {
      "code": "493113",
      "date": "2026-03-14",
      "time": "12:30",
      "team1": "BCM HERSTAL",
      "team2": "RBC ESNEUX A",
      "category": "U 14 - PROV MM D",
      "location": "BCM HERSTAL",
      "other": ""
    },
    {
      "code": "493291",
      "date": "2026-03-22",
      "time": "17:00",
      "team1": "HARIMALIA BC B",
      "team2": "RBC ESNEUX A",
      "category": "U 14 - PROV MM D",
      "location": "HARIMALIA BC B",
      "other": ""
    },
    {
      "code": "493304",
      "date": "2026-03-28",
      "time": "10:30",
      "team1": "RBC ESNEUX A",
      "team2": "ROYAL ANS BC",
      "category": "U 14 - PROV MM D",
      "location": "RBC ESNEUX A",
      "other": ""
    },
    {
      "code": "493336",
      "date": "2026-04-18",
      "time": "11:00",
      "team1": "HANNUT BC",
      "team2": "RBC ESNEUX A",
      "category": "U 14 - PROV MM D",
      "location": "HANNUT BC",
      "other": ""
    },
    {
      "code": "451224",
      "date": "2026-02-01",
      "time": "12:00",
      "team1": "RBC ESNEUX",
      "team2": "BC SPRIMONT",
      "category": "U 16 - ELITES MM B",
      "location": "RBC ESNEUX",
      "other": ""
    },
    {
      "code": "451233",
      "date": "2026-02-07",
      "time": "13:00",
      "team1": "RBC AWANS",
      "team2": "RBC ESNEUX",
      "category": "U 16 - ELITES MM B",
      "location": "RBC AWANS",
      "other": ""
    },
    {
      "code": "451194",
      "date": "2026-02-14",
      "time": "13:00",
      "team1": "CRISTAL SGH A",
      "team2": "RBC ESNEUX",
      "category": "U 16 - ELITES MM B",
      "location": "CRISTAL SGH A",
      "other": ""
    },
    {
      "code": "451263",
      "date": "2026-03-01",
      "time": "12:00",
      "team1": "VAIL. JUPILLE",
      "team2": "RBC ESNEUX",
      "category": "U 16 - ELITES MM B",
      "location": "VAIL. JUPILLE",
      "other": ""
    },
    {
      "code": "451106",
      "date": "2026-03-06",
      "time": "19:00",
      "team1": "COLLEGE S LOUIS A",
      "team2": "RBC ESNEUX",
      "category": "U 16 - ELITES MM B",
      "location": "COLLEGE S LOUIS A",
      "other": ""
    },
    {
      "code": "451274",
      "date": "2026-03-08",
      "time": "12:00",
      "team1": "RBC ESNEUX",
      "team2": "COLLEGE S LOUIS A",
      "category": "U 16 - ELITES MM B",
      "location": "RBC ESNEUX",
      "other": ""
    },
    {
      "code": "451294",
      "date": "2026-03-22",
      "time": "10:00",
      "team1": "RBC ESNEUX",
      "team2": "LA VILLERSOISE B",
      "category": "U 16 - ELITES MM B",
      "location": "RBC ESNEUX",
      "other": ""
    },
    {
      "code": "451325",
      "date": "2026-04-11",
      "time": "15:30",
      "team1": "BC VERVIERS A",
      "team2": "RBC ESNEUX",
      "category": "U 16 - ELITES MM B",
      "location": "BC VERVIERS A",
      "other": ""
    },
    {
      "code": "451334",
      "date": "2026-04-19",
      "time": "12:00",
      "team1": "RBC ESNEUX",
      "team2": "ATLAS A JUPILLE A",
      "category": "U 16 - ELITES MM B",
      "location": "RBC ESNEUX",
      "other": ""
    },
    {
      "code": "432233",
      "date": "2026-02-07",
      "time": "11:00",
      "team1": "RBC AWANS A",
      "team2": "RBC ESNEUX",
      "category": "U 18 - ELITES MM C",
      "location": "RBC AWANS A",
      "other": ""
    },
    {
      "code": "432194",
      "date": "2026-02-14",
      "time": "11:00",
      "team1": "UN HUY BASKET A",
      "team2": "RBC ESNEUX",
      "category": "U 18 - ELITES MM C",
      "location": "UN HUY BASKET A",
      "other": ""
    },
    {
      "code": "432263",
      "date": "2026-03-01",
      "time": "13:00",
      "team1": "ROYAL ANS BC A",
      "team2": "RBC ESNEUX",
      "category": "U 18 - ELITES MM C",
      "location": "ROYAL ANS BC A",
      "other": ""
    },
    {
      "code": "432274",
      "date": "2026-03-08",
      "time": "14:00",
      "team1": "RBC ESNEUX",
      "team2": "ORP JAUCHE",
      "category": "U 18 - ELITES MM C",
      "location": "RBC ESNEUX",
      "other": ""
    },
    {
      "code": "432294",
      "date": "2026-03-21",
      "time": "9:00",
      "team1": "RBC ESNEUX",
      "team2": "LA VILLERSOISE",
      "category": "U 18 - ELITES MM C",
      "location": "RBC ESNEUX",
      "other": ""
    },
    {
      "code": "432302",
      "date": "2026-03-29",
      "time": "17:00",
      "team1": "BC SPRIMONT",
      "team2": "RBC ESNEUX",
      "category": "U 18 - ELITES MM C",
      "location": "BC SPRIMONT",
      "other": ""
    },
    {
      "code": "432325",
      "date": "2026-04-11",
      "time": "9:00",
      "team1": "ABC WAREMME A",
      "team2": "RBC ESNEUX",
      "category": "U 18 - ELITES MM C",
      "location": "ABC WAREMME A",
      "other": ""
    },
    {
      "code": "432334",
      "date": "2026-04-19",
      "time": "16:00",
      "team1": "RBC ESNEUX",
      "team2": "ROYAL BC NINANE A",
      "category": "U 18 - ELITES MM C",
      "location": "RBC ESNEUX",
      "other": ""
    },
    {
      "code": "580193",
      "date": "2026-02-14",
      "time": "15:00",
      "team1": "ROYAL BC NINANE",
      "team2": "RBC ESNEUX",
      "category": "U 19 - DD A",
      "location": "ROYAL BC NINANE",
      "other": ""
    },
    {
      "code": "580234",
      "date": "2026-03-01",
      "time": "10:00",
      "team1": "RBC ESNEUX",
      "team2": "ROYAL BC NINANE",
      "category": "U 19 - DD A",
      "location": "RBC ESNEUX",
      "other": ""
    },
    {
      "code": "580273",
      "date": "2026-03-07",
      "time": "11:00",
      "team1": "ABC WAREMME B",
      "team2": "RBC ESNEUX",
      "category": "U 19 - DD A",
      "location": "ABC WAREMME B",
      "other": ""
    },
    {
      "code": "580221",
      "date": "2026-03-08",
      "time": "17:00",
      "team1": "RBC AUBEL",
      "team2": "RBC ESNEUX",
      "category": "U 19 - DD A",
      "location": "RBC AUBEL",
      "other": ""
    },
    {
      "code": "580292",
      "date": "2026-03-21",
      "time": "17:00",
      "team1": "RBC AWANS",
      "team2": "RBC ESNEUX",
      "category": "U 19 - DD A",
      "location": "RBC AWANS",
      "other": ""
    },
    {
      "code": "580304",
      "date": "2026-03-28",
      "time": "12:30",
      "team1": "RBC ESNEUX",
      "team2": "RBC WELKENRAEDT",
      "category": "U 19 - DD A",
      "location": "RBC ESNEUX",
      "other": ""
    },
    {
      "code": "580322",
      "date": "2026-04-11",
      "time": "13:00",
      "team1": "PEPINSTER EAST BELG",
      "team2": "RBC ESNEUX",
      "category": "U 19 - DD A",
      "location": "PEPINSTER EAST BELG",
      "other": ""
    },
    {
      "code": "550222",
      "date": "2026-01-31",
      "time": "13:00",
      "team1": "PEPINSTER EAST BELG A",
      "team2": "RBC ESNEUX",
      "category": "U 7 - MM A",
      "location": "PEPINSTER EAST BELG A",
      "other": ""
    },
    {
      "code": "550234",
      "date": "2026-02-07",
      "time": "9:00",
      "team1": "RBC ESNEUX",
      "team2": "BC VERVIERS",
      "category": "U 7 - MM A",
      "location": "RBC ESNEUX",
      "other": ""
    },
    {
      "code": "550264",
      "date": "2026-02-28",
      "time": "9:00",
      "team1": "RBC ESNEUX",
      "team2": "BC SPRIMONT C",
      "category": "U 7 - MM A",
      "location": "RBC ESNEUX",
      "other": ""
    },
    {
      "code": "550276",
      "date": "2026-03-08",
      "time": "9:00",
      "team1": "HENRI-CHAPELLE",
      "team2": "RBC ESNEUX",
      "category": "U 7 - MM A",
      "location": "HENRI-CHAPELLE",
      "other": ""
    },
    {
      "code": "550291",
      "date": "2026-03-14",
      "time": "10:00",
      "team1": "ROYAL SPA BC",
      "team2": "RBC ESNEUX",
      "category": "U 7 - MM A",
      "location": "ROYAL SPA BC",
      "other": ""
    },
    {
      "code": "550304",
      "date": "2026-03-28",
      "time": "9:00",
      "team1": "RBC ESNEUX",
      "team2": "THEUX BC",
      "category": "U 7 - MM A",
      "location": "RBC ESNEUX",
      "other": ""
    },
    {
      "code": "550324",
      "date": "2026-04-11",
      "time": "9:00",
      "team1": "RBC ESNEUX",
      "team2": "RB TILFF A",
      "category": "U 7 - MM A",
      "location": "RBC ESNEUX",
      "other": ""
    },
    {
      "code": "550336",
      "date": "2026-04-18",
      "time": "10:30",
      "team1": "ALL. FLEMALLE B",
      "team2": "RBC ESNEUX",
      "category": "U 7 - MM A",
      "location": "ALL. FLEMALLE B",
      "other": ""
    },
    {
      "code": "544222",
      "date": "2026-01-31",
      "time": "10:45",
      "team1": "BC CRISNEE B",
      "team2": "RBC ESNEUX",
      "category": "U 8 - MM E",
      "location": "BC CRISNEE B",
      "other": ""
    },
    {
      "code": "544234",
      "date": "2026-02-07",
      "time": "9:00",
      "team1": "RBC ESNEUX",
      "team2": "ROYAL ANS BC",
      "category": "U 8 - MM E",
      "location": "RBC ESNEUX",
      "other": ""
    },
    {
      "code": "544276",
      "date": "2026-03-08",
      "time": "9:00",
      "team1": "ROYAL BC WANZE",
      "team2": "RBC ESNEUX",
      "category": "U 8 - MM E",
      "location": "ROYAL BC WANZE",
      "other": ""
    },
    {
      "code": "544291",
      "date": "2026-03-21",
      "time": "9:00",
      "team1": "ROYAL HERVE-BATTICE B",
      "team2": "RBC ESNEUX",
      "category": "U 8 - MM E",
      "location": "ROYAL HERVE-BATTICE B",
      "other": ""
    },
    {
      "code": "544304",
      "date": "2026-03-28",
      "time": "9:00",
      "team1": "RBC ESNEUX",
      "team2": "BC SPRIMONT C",
      "category": "U 8 - MM E",
      "location": "RBC ESNEUX",
      "other": ""
    },
    {
      "code": "544324",
      "date": "2026-04-11",
      "time": "9:00",
      "team1": "RBC ESNEUX",
      "team2": "BC VERLAINE A",
      "category": "U 8 - MM E",
      "location": "RBC ESNEUX",
      "other": ""
    }
  ]
}