Code,Date,Heure,Équipe 1,Équipe 2,Catégorie,Autre
402104,2025-11-08,17:30,BC VERVIERS B,BC SPRIMONT C,MM - DIVISION 2 A,
402117,2025-11-16,11:00,RBC ALLEUR C,BC VERVIERS B,MM - DIVISION 2 A,
402124,2025-11-22,17:30,BC VERVIERS B,RBC AWANS A,MM - DIVISION 2 A,
402025,2025-11-28,20:30,FLERON BBC A,BC VERVIERS B,MM - DIVISION 2 A,
402131,2025-11-30,17:00,HARIMALIA BC C,BC VERVIERS B,MM - DIVISION 2 A,
402144,2025-12-06,17:30,BC VERVIERS B,ROYAL BC WANZE B,MM - DIVISION 2 A,
402154,2025-12-12,21:00,BC BELLEFLAMME C,BC VERVIERS B,MM - DIVISION 2 A,
402164,2025-12-20,17:30,BC VERVIERS B,RBC VISE A,MM - DIVISION 2 A,
402184,2026-01-03,17:30,BC VERVIERS B,ATLAS A JUPILLE B,MM - DIVISION 2 A,
402194,2026-01-10,17:30,BC VERVIERS B,FLERON BBC A,MM - DIVISION 2 A,
402206,2026-01-18,11:00,ESL UNITED E,BC VERVIERS B,MM - DIVISION 2 A,
402214,2026-01-24,17:30,BC VERVIERS B,ABC WAREMME B,MM - DIVISION 2 A,
402222,2026-01-31,19:00,RBC STAVELOT A,BC VERVIERS B,MM - DIVISION 2 A,
402244,2026-02-14,17:30,BC VERVIERS B,ROYAL SPA BC C,MM - DIVISION 2 A,
402337,2026-02-21,19:00,RBC VISE A,BC VERVIERS B,MM - DIVISION 2 A,
402264,2026-02-28,17:30,BC VERVIERS B,RBC ALLEUR C,MM - DIVISION 2 A,
402272,2026-03-07,17:00,BC SPRIMONT C,BC VERVIERS B,MM - DIVISION 2 A,
402296,2026-03-22,15:00,ROYAL BC WANZE B,BC VERVIERS B,MM - DIVISION 2 A,
402304,2026-03-28,17:30,BC VERVIERS B,HARIMALIA BC C,MM - DIVISION 2 A,
402313,2026-04-04,21:00,RBC AWANS A,BC VERVIERS B,MM - DIVISION 2 A,
402324,2026-04-11,17:30,BC VERVIERS B,BC BELLEFLAMME C,MM - DIVISION 2 A,
403116,2025-11-16,13:00,BC VERVIERS C,RB TILFF B,MM - DIVISION 2 B,
403126,2025-11-23,11:00,BC VERVIERS C,HARIMALIA BC B,MM - DIVISION 2 B,
403137,2025-11-30,15:00,RBC ALLEUR B,BC VERVIERS C,MM - DIVISION 2 B,
403152,2025-12-14,11:00,ROYAL HERVE-BATTICE A,BC VERVIERS C,MM - DIVISION 2 B,
403166,2025-12-21,11:00,BC VERVIERS C,R.UN.BELLAIRE A,MM - DIVISION 2 B,
403182,2026-01-03,19:30,BC VERVIERS C,PEPINSTER EAST BELG C,MM - DIVISION 2 B,
403196,2026-01-11,16:00,BC VERVIERS C,PRAYON TROOZ A,MM - DIVISION 2 B,
403216,2026-01-25,16:00,BC VERVIERS C,RBC DISON-ANDRIMONT A,MM - DIVISION 2 B,
403223,2026-02-01,10:00,VAIL. JUPILLE A,BC VERVIERS C,MM - DIVISION 2 B,
403246,2026-02-15,11:00,BC VERVIERS C,ROYAL SPA BC B,MM - DIVISION 2 B,
403205,2026-02-22,11:30,ROYAL MOSA AC 1941 A,BC VERVIERS C,MM - DIVISION 2 B,
403265,2026-02-28,19:00,RB TILFF B,BC VERVIERS C,MM - DIVISION 2 B,
403276,2026-03-08,11:00,BC VERVIERS C,RBC VISE B,MM - DIVISION 2 B,
403296,2026-03-22,11:00,BC VERVIERS C,ESL UNITED D,MM - DIVISION 2 B,
403306,2026-03-28,19:30,BC VERVIERS C,RBC ALLEUR B,MM - DIVISION 2 B,
403311,2026-04-05,15:00,HARIMALIA BC B,BC VERVIERS C,MM - DIVISION 2 B,
403326,2026-04-12,16:00,BC VERVIERS C,ROYAL HERVE-BATTICE A,MM - DIVISION 2 B,
403333,2026-04-17,20:15,R.UN.BELLAIRE A,BC VERVIERS C,MM - DIVISION 2 B,
AW101060,2025-11-08,19:30,BC VERVIERS A,RBC LOYERS,MM - REGIONALE 1,
AW101056,2025-11-15,21:00,BB GEMBLOUX,BC VERVIERS A,MM - REGIONALE 1,
AW101074,2025-11-22,19:30,BC VERVIERS A,RPC ANDERLECHT,MM - REGIONALE 1,
AW101064,2025-11-28,20:30,UNION MONS-HAINAUT,BC VERVIERS A,MM - REGIONALE 1,
AW101046,2025-12-06,19:30,BC VERVIERS A,ROYAL BC NINANE A,MM - REGIONALE 1,
AW101081,2025-12-12,21:00,ESL UNITED B,BC VERVIERS A,MM - REGIONALE 1,
AW101088,2025-12-20,19:30,BC VERVIERS A,RCS NATOYE,MM - REGIONALE 1,
AW101095,2026-01-10,19:30,BC VERVIERS A,BCCA NEUFCHATEAU,MM - REGIONALE 1,
AW101104,2026-01-17,20:15,ASTE KAIN,BC VERVIERS A,MM - REGIONALE 1,
AW101109,2026-01-24,19:30,BC VERVIERS A,CASTORS BRAINE,MM - REGIONALE 1,
AW101114,2026-02-01,13:00,BC SPRIMONT B,BC VERVIERS A,MM - REGIONALE 1,
AW101123,2026-02-07,19:30,BC VERVIERS A,RSW LIEGE BASKET A,MM - REGIONALE 1,
AW101130,2026-02-14,19:30,BC VERVIERS A,ROYAL IV BRUSSELS,MM - REGIONALE 1,
AW101144,2026-02-28,19:30,BC VERVIERS A,BB GEMBLOUX,MM - REGIONALE 1,
AW101149,2026-03-07,21:00,RBC LOYERS,BC VERVIERS A,MM - REGIONALE 1,
AW101158,2026-03-14,19:30,BC VERVIERS A,UNION MONS-HAINAUT,MM - REGIONALE 1,
AW101139,2026-03-20,21:00,ROYAL BC NINANE A,BC VERVIERS A,MM - REGIONALE 1,
AW101172,2026-04-11,19:30,BC VERVIERS A,ESL UNITED B,MM - REGIONALE 1,
AW101182,2026-04-18,21:00,RCS NATOYE,BC VERVIERS A,MM - REGIONALE 1,
AW101164,2026-04-26,15:00,RPC ANDERLECHT,BC VERVIERS A,MM - REGIONALE 1,
450101,2025-11-08,13:00,ABC WAREMME A,BC VERVIERS B,U 16 - ELITES MM A,
450113,2025-11-16,15:00,BC VERVIERS B,RBC HANEFFE,U 16 - ELITES MM A,
450133,2025-11-29,15:30,BC VERVIERS B,ROYAL MOSA AC 1941,U 16 - ELITES MM A,
450145,2025-12-06,15:00,CRISTAL SGH B,BC VERVIERS B,U 16 - ELITES MM A,
450203,2026-01-17,13:30,BC VERVIERS B,RBC VISE A,U 16 - ELITES MM A,
450212,2026-01-24,9:00,ROYAL SPA BC B,BC VERVIERS B,U 16 - ELITES MM A,
450226,2026-02-01,13:00,GIANTS BRAIVES A,BC VERVIERS B,U 16 - ELITES MM A,
450264,2026-03-01,14:00,RBC HANEFFE,BC VERVIERS B,U 16 - ELITES MM A,
450273,2026-03-08,13:30,BC VERVIERS B,ABC WAREMME A,U 16 - ELITES MM A,
450196,2026-03-14,12:30,HENRI-CHAPELLE,BC VERVIERS B,U 16 - ELITES MM A,
450293,2026-03-22,15:00,BC VERVIERS B,CRISTAL SGH B,U 16 - ELITES MM A,
450305,2026-03-28,13:30,ROYAL MOSA AC 1941,BC VERVIERS B,U 16 - ELITES MM A,
450323,2026-04-12,17:00,ROYAL ANS BC,BC VERVIERS B,U 16 - ELITES MM A,
451115,2025-11-16,17:00,BC VERVIERS A,COLLEGE S LOUIS A,U 16 - ELITES MM B,
451121,2025-11-23,11:00,LA VILLERSOISE B,BC VERVIERS A,U 16 - ELITES MM B,
451135,2025-11-29,13:30,BC VERVIERS A,VAIL. JUPILLE,U 16 - ELITES MM B,
451145,2025-12-06,15:30,BC VERVIERS A,RBC AWANS,U 16 - ELITES MM B,
451195,2026-01-10,17:00,R 4A AYWAILLE-HAMOIR,BC VERVIERS A,U 16 - ELITES MM B,
451205,2026-01-17,15:30,BC VERVIERS A,CRISTAL SGH A,U 16 - ELITES MM B,
451216,2026-01-24,13:00,ATLAS A JUPILLE A,BC VERVIERS A,U 16 - ELITES MM B,
451232,2026-02-07,17:00,BC SPRIMONT,BC VERVIERS A,U 16 - ELITES MM B,
451225,2026-02-14,15:30,BC VERVIERS A,HARIMALIA BC A,U 16 - ELITES MM B,
451266,2026-02-28,15:00,COLLEGE S LOUIS A,BC VERVIERS A,U 16 - ELITES MM B,
451293,2026-03-21,13:00,RBC AWANS,BC VERVIERS A,U 16 - ELITES MM B,
451303,2026-03-28,14:00,VAIL. JUPILLE,BC VERVIERS A,U 16 - ELITES MM B,
451325,2026-04-11,15:30,BC VERVIERS A,RBC ESNEUX,U 16 - ELITES MM B,
451335,2026-04-18,15:30,BC VERVIERS A,LA VILLERSOISE B,U 16 - ELITES MM B,
430265,2025-11-16,9:30,ROYAL MOSA AC 1941,BC VERVIERS,U 18 - ELITES MM A,
430126,2025-11-23,13:00,BC VERVIERS,BC COINTE,U 18 - ELITES MM A,
430131,2025-11-29,17:00,ATLAS A JUPILLE,BC VERVIERS,U 18 - ELITES MM A,
430142,2025-12-06,14:00,BC BELLEFLAMME A,BC VERVIERS,U 18 - ELITES MM A,
430202,2026-01-17,11:00,THEUX BC,BC VERVIERS,U 18 - ELITES MM A,
430216,2026-01-24,15:30,BC VERVIERS,CRISTAL SGH A,U 18 - ELITES MM A,
430223,2026-01-31,13:00,RSW LIEGE BASKET B,BC VERVIERS,U 18 - ELITES MM A,
430236,2026-02-07,17:00,BC VERVIERS,BBC EUPEN A,U 18 - ELITES MM A,
430321,2026-02-15,13:00,RBC VISE A,BC VERVIERS,U 18 - ELITES MM A,
430116,2026-02-28,15:30,BC VERVIERS,ROYAL MOSA AC 1941,U 18 - ELITES MM A,
430296,2026-03-22,13:00,BC VERVIERS,BC BELLEFLAMME A,U 18 - ELITES MM A,
430306,2026-03-28,15:30,BC VERVIERS,ATLAS A JUPILLE,U 18 - ELITES MM A,
430334,2026-04-18,13:00,BC COINTE,BC VERVIERS,U 18 - ELITES MM A,
550103,2025-11-08,15:00,BC VERVIERS,ROYAL SPA BC,U 7 - MM A,
550114,2025-11-15,9:00,BC BELLEFLAMME,BC VERVIERS,U 7 - MM A,
550123,2025-11-23,9:00,BC VERVIERS,THEUX BC,U 7 - MM A,
550135,2025-11-29,13:00,R 4A AYWAILLE-HAMOIR A,BC VERVIERS,U 7 - MM A,
550143,2025-12-06,13:00,BC VERVIERS,RB TILFF A,U 7 - MM A,
550063,2026-01-03,15:00,BC VERVIERS,RBC ESNEUX,U 7 - MM A,
550193,2026-01-10,15:00,BC VERVIERS,ALL. FLEMALLE B,U 7 - MM A,
550201,2026-01-17,9:00,ROYAL HERVE-BATTICE A,BC VERVIERS,U 7 - MM A,
550213,2026-01-24,13:00,BC VERVIERS,PEPINSTER EAST BELG A,U 7 - MM A,
550223,2026-02-01,9:00,BC VERVIERS,HENRI-CHAPELLE,U 7 - MM A,
550234,2026-02-07,9:00,RBC ESNEUX,BC VERVIERS,U 7 - MM A,
550263,2026-02-28,13:00,BC VERVIERS,BC BELLEFLAMME,U 7 - MM A,
550271,2026-03-07,10:00,ROYAL SPA BC,BC VERVIERS,U 7 - MM A,
550303,2026-03-28,13:00,BC VERVIERS,R 4A AYWAILLE-HAMOIR A,U 7 - MM A,
550323,2026-04-11,13:00,BC VERVIERS,BC SPRIMONT C,U 7 - MM A,
550332,2026-04-19,9:00,THEUX BC,BC VERVIERS,U 7 - MM A,
541104,2025-11-08,12:00,RB TILFF B,BC VERVIERS,U 8 - MM B,
541116,2025-11-16,9:00,BC VERVIERS,CRISTAL SGH B,U 8 - MM B,
541126,2025-11-23,9:00,BC VERVIERS,RBC DISON-ANDRIMONT,U 8 - MM B,
541131,2025-11-29,9:00,ROYAL SPA BC B,BC VERVIERS,U 8 - MM B,
541035,2025-11-30,13:00,FLERON BBC,BC VERVIERS,U 8 - MM B,
541142,2025-12-06,9:00,PEPINSTER EAST BELG A,BC VERVIERS,U 8 - MM B,
541202,2026-01-04,10:15,RBC VISE A,BC VERVIERS,U 8 - MM B,
541196,2026-01-10,15:00,BC VERVIERS,BCM HERSTAL,U 8 - MM B,
541216,2026-01-24,13:00,BC VERVIERS,FLERON BBC,U 8 - MM B,
541236,2026-02-07,14:30,BC VERVIERS,ATLAS A JUPILLE,U 8 - MM B,
541265,2026-02-28,11:15,CRISTAL SGH B,BC VERVIERS,U 8 - MM B,
541276,2026-03-08,9:00,BC VERVIERS,RB TILFF B,U 8 - MM B,
541296,2026-03-22,9:00,BC VERVIERS,PEPINSTER EAST BELG A,U 8 - MM B,
541306,2026-03-28,13:00,BC VERVIERS,ROYAL SPA BC B,U 8 - MM B,
541321,2026-04-11,13:00,HARIMALIA BC,BC VERVIERS,U 8 - MM B,
541334,2026-04-19,10:00,RBC DISON-ANDRIMONT,BC VERVIERS,U 8 - MM B,
