Code,Date,Heure,Équipe 1,Équipe 2,Catégorie,Autre
760113,2026-02-07,19:30,ALL. FLEMALLE A,ETOILE JUPILLE B (+ 15),CPE PROV MESSIEURS,(Salle de Grivegnée)
418197,2026-01-10,19:00,RBC VISE B,ETOILE JUPILLE,DD - DIVISION 3 C,
418203,2026-01-18,15:00,ETOILE JUPILLE,RBC WELKENRAEDT,DD - DIVISION 3 C,
418212,2026-01-25,11:00,ALL. FLEMALLE C,ETOILE JUPILLE,DD - DIVISION 3 C,
418227,2026-01-31,18:30,HENRI-CHAPELLE C,ETOILE JUPILLE,DD - DIVISION 3 C,
418243,2026-02-15,15:00,ETOILE JUPILLE,PRAYON TROOZ C,DD - DIVISION 3 C,
418273,2026-03-08,15:00,ETOILE JUPILLE,ROYAL SPA BC B,DD - DIVISION 3 C,
418293,2026-03-22,15:00,ETOILE JUPILLE,DF BC MALMEDY,DD - DIVISION 3 C,
418145,2026-04-11,17:00,DF BC MALMEDY,ETOILE JUPILLE,DD - DIVISION 3 C,
418333,2026-04-19,15:00,ETOILE JUPILLE,MAIL. COMBLAIN,DD - DIVISION 3 C,
401203,2026-01-16,21:00,ETOILE JUPILLE A,HARIMALIA BC A,MM - DIVISION 1,
401212,2026-01-25,13:00,THEUX BC A,ETOILE JUPILLE A,MM - DIVISION 1,
401227,2026-01-30,21:00,HANNUT BC A,ETOILE JUPILLE A,MM - DIVISION 1,
401243,2026-02-13,21:00,ETOILE JUPILLE A,RBC HANEFFE A,MM - DIVISION 1,
401186,2026-02-20,19:00,ESL UNITED C,ETOILE JUPILLE A,MM - DIVISION 1,
401262,2026-03-01,12:00,RABC ENSIVAL A,ETOILE JUPILLE A,MM - DIVISION 1,
401273,2026-03-06,21:00,ETOILE JUPILLE A,ALL. FLEMALLE A,MM - DIVISION 1,
401197,2026-03-14,20:30,HENRI-CHAPELLE A,ETOILE JUPILLE A,MM - DIVISION 1,
401293,2026-03-20,21:00,ETOILE JUPILLE A,CRISTAL SGH A,MM - DIVISION 1,
401303,2026-03-29,15:00,BC BELLEFLAMME B,ETOILE JUPILLE A,MM - DIVISION 1,
401313,2026-04-03,21:00,ETOILE JUPILLE A,BC COINTE B,MM - DIVISION 1,
401325,2026-04-11,18:30,RB UNION LIEGE A,ETOILE JUPILLE A,MM - DIVISION 1,
401333,2026-04-17,21:00,ETOILE JUPILLE A,MAIL. COMBLAIN B,MM - DIVISION 1,
407203,2026-01-16,19:00,ETOILE JUPILLE B,RBC VISE D,MM - DIVISION 4 A,
407212,2026-01-25,15:00,THEUX BC C,ETOILE JUPILLE B,MM - DIVISION 4 A,
407227,2026-01-31,17:00,ORP JAUCHE A,ETOILE JUPILLE B,MM - DIVISION 4 A,
407243,2026-02-13,19:00,ETOILE JUPILLE B,RBC HANEFFE C,MM - DIVISION 4 A,
407262,2026-03-01,17:00,RSW LIEGE BASKET C,ETOILE JUPILLE B,MM - DIVISION 4 A,
407273,2026-03-06,19:00,ETOILE JUPILLE B,LA VILLERSOISE C,MM - DIVISION 4 A,
407293,2026-03-20,19:00,ETOILE JUPILLE B,ROYAL MOSA AC 1941 B,MM - DIVISION 4 A,
407303,2026-03-29,15:00,VAIL. JUPILLE C,ETOILE JUPILLE B,MM - DIVISION 4 A,
407313,2026-04-03,19:00,ETOILE JUPILLE B,RBC DISON-ANDRIMONT D,MM - DIVISION 4 A,
407325,2026-04-12,11:00,BC VERLAINE,ETOILE JUPILLE B,MM - DIVISION 4 A,
407333,2026-04-17,19:00,ETOILE JUPILLE B,GIANTS BRAIVES A,MM - DIVISION 4 A,
409197,2026-01-10,21:00,ABC WAREMME C,ETOILE JUPILLE C,MM - DIVISION 4 C,
409203,2026-01-18,13:00,ETOILE JUPILLE C,HARIMALIA BC F,MM - DIVISION 4 C,
409212,2026-01-24,17:00,BC SPRIMONT E,ETOILE JUPILLE C,MM - DIVISION 4 C,
409227,2026-01-30,20:30,RBC ALLEUR E,ETOILE JUPILLE C,MM - DIVISION 4 C,
409243,2026-02-15,13:00,ETOILE JUPILLE C,R REN. MONTEGNEE,MM - DIVISION 4 C,
409262,2026-02-28,20:00,R.UN.BELLAIRE C,ETOILE JUPILLE C,MM - DIVISION 4 C,
409273,2026-03-08,13:00,ETOILE JUPILLE C,ROYAL SPA BC D,MM - DIVISION 4 C,
409293,2026-03-22,13:00,ETOILE JUPILLE C,RBC CROATIA OUPEYE,MM - DIVISION 4 C,
409303,2026-03-29,13:00,ROYALE US AWANS B,ETOILE JUPILLE C,MM - DIVISION 4 C,
409313,2026-04-05,13:00,ETOILE JUPILLE C,BC BELLEFLAMME F,MM - DIVISION 4 C,
409325,2026-04-12,15:00,RBC DISON-ANDRIMONT C,ETOILE JUPILLE C,MM - DIVISION 4 C,
409333,2026-04-19,13:00,ETOILE JUPILLE C,ROYAL BC NINANE E,MM - DIVISION 4 C,
521203,2026-01-17,11:00,ETOILE JUPILLE,RBC VISE A,U 10 - MM B,
521196,2026-03-01,13:00,GIANTS BRAIVES A,ETOILE JUPILLE,U 10 - MM B,
521273,2026-03-07,11:00,ETOILE JUPILLE,RBC BLEGNY B,U 10 - MM B,
521226,2026-03-15,11:00,LA VILLERSOISE A,ETOILE JUPILLE,U 10 - MM B,
521293,2026-03-21,11:00,ETOILE JUPILLE,ROYAL HERVE-BATTICE B,U 10 - MM B,
521333,2026-04-18,11:00,ETOILE JUPILLE,BC SPRIMONT A,U 10 - MM B,
503203,2026-01-17,13:00,ETOILE JUPILLE,ABC WAREMME D,U 12 - MM D,
503226,2026-01-31,15:00,CRISTAL SGH A,ETOILE JUPILLE,U 12 - MM D,
503233,2026-02-07,13:00,ETOILE JUPILLE,LA VILLERSOISE B,U 12 - MM D,
503196,2026-03-07,11:00,GIANTS BRAIVES B,ETOILE JUPILLE,U 12 - MM D,
503293,2026-03-21,13:00,ETOILE JUPILLE,ROYAL HERVE-BATTICE B,U 12 - MM D,
503305,2026-03-28,13:00,BC VERLAINE A,ETOILE JUPILLE,U 12 - MM D,
503323,2026-04-12,13:00,ALL. FLEMALLE A,ETOILE JUPILLE,U 12 - MM D,
503333,2026-04-18,13:00,ETOILE JUPILLE,BC SPRIMONT A,U 12 - MM D,
480203,2026-01-17,15:00,ETOILE JUPILLE,RBC VISE A,U 14 - ELITES MM A,
480212,2026-01-25,11:00,THEUX BC A,ETOILE JUPILLE,U 14 - ELITES MM A,
480226,2026-02-01,9:00,RBC ALLEUR,ETOILE JUPILLE,U 14 - ELITES MM A,
480233,2026-02-07,15:00,ETOILE JUPILLE,RB TILFF A,U 14 - ELITES MM A,
480264,2026-02-28,11:00,COLLEGE S LOUIS A,ETOILE JUPILLE,U 14 - ELITES MM A,
480273,2026-03-07,15:00,ETOILE JUPILLE,ALL. FLEMALLE A,U 14 - ELITES MM A,
480196,2026-03-14,10:30,HENRI-CHAPELLE,ETOILE JUPILLE,U 14 - ELITES MM A,
480305,2026-03-29,11:00,ROYAL HERVE-BATTICE,ETOILE JUPILLE,U 14 - ELITES MM A,
